	S87_pool1	S88_pool1	S101_pool1	S109_pool1	S117_pool1	S125_pool1	S133_pool1	S141_pool1	S149_pool1	S157_pool1	S182_pool1	S183_pool1	S184_pool1	S279_pool1	S280_pool1	S293_pool1	S301_pool1	S309_pool1	S317_pool1	S325_pool1	S333_pool1	S341_pool1	S349_pool1	S374_pool1	S375_pool1	S376_pool1	S87_pool2	S88_pool2	S101_pool2	S109_pool2	S117_pool2	S125_pool2	S133_pool2	S141_pool2	S149_pool2	S157_pool2	S182_pool2	S183_pool2	S184_pool2	S279_pool2	S280_pool2	S293_pool2	S301_pool2	S309_pool2	S317_pool2	S325_pool2	S333_pool2	S341_pool2	S349_pool2	S374_pool2	S375_pool2	S376_pool2
AARD	15	19	20	12	10	10	10	20	8	13	14	25	27	27	14	10	18	19	18	8	13	13	11	13	25	18	24	11	14	14	16	16	24	5	13	6	21	21	15	27	17	13	20	19	15	11	23	16	10	20	23	18
AARS2	39	25	24	44	43	35	35	22	25	28	34	53	51	29	28	26	47	34	42	37	36	42	53	36	19	31	41	33	33	58	33	34	21	35	37	38	42	40	30	37	32	43	35	34	28	47	38	57	47	36	35	35
ABCA12	83	88	39	65	46	53	49	83	44	46	66	49	95	36	28	73	66	48	41	54	69	43	46	72	61	90	96	66	62	74	79	65	54	41	75	48	72	86	95	52	64	53	59	67	78	81	68	77	61	88	82	95
ABHD5	154	195	129	166	134	117	97	104	113	109	148	138	187	68	72	161	186	175	109	147	149	157	123	148	134	179	224	179	205	160	152	202	145	105	146	139	169	203	164	123	187	180	179	165	225	199	148	169	139	171	163	180
ABHD6	12	8	19	11	9	10	15	13	14	9	7	13	10	13	11	16	12	11	12	10	14	9	8	8	14	19	13	13	11	22	9	10	22	8	10	11	17	19	20	16	18	18	11	16	17	19	23	14	2	22	17	18
PER1	250	221	150	288	234	228	207	160	161	285	231	208	208	188	151	213	272	236	279	267	263	255	271	259	175	199	282	210	208	244	281	284	244	196	255	210	224	276	216	207	241	254	326	328	363	440	483	288	356	422	335	257
ACVR2A	11	14	10	7	12	6	10	5	10	6	10	6	23	11	6	10	14	9	11	12	10	14	11	13	9	12	20	9	10	10	7	9	14	13	12	4	13	18	13	16	19	16	10	11	13	13	22	8	4	15	12	16
ACYP2	49	60	48	46	32	36	27	53	44	32	43	43	60	12	14	55	57	72	39	48	54	39	59	49	51	59	62	62	68	40	69	62	42	46	74	70	46	59	50	46	52	52	45	69	113	85	52	68	67	63	39	41
ADAM15	116	114	95	128	99	104	102	95	97	114	126	151	142	52	41	151	171	136	118	132	150	137	126	128	106	113	151	131	146	146	134	180	88	106	127	108	100	119	112	105	122	187	191	175	204	172	145	203	199	155	124	127
ADAM20	10	11	8	17	16	14	11	4	9	11	21	21	14	11	7	4	24	8	28	18	24	6	10	26	20	17	29	14	7	15	25	14	18	8	1	11	4	8	9	7	29	8	13	7	12	19	18	14	6	18	14	14
ADAM9	301	339	297	398	302	321	232	292	244	294	332	349	379	331	292	344	389	337	260	344	348	266	282	306	258	334	403	360	350	336	396	445	359	306	374	295	308	382	370	364	371	342	436	415	582	417	477	428	358	527	453	430
ADAMTS9	34	30	17	23	15	23	21	20	22	25	26	19	17	23	19	18	25	35	21	25	32	28	30	36	15	30	24	19	25	17	17	39	34	26	33	19	29	33	22	18	27	21	30	37	53	47	68	60	70	41	19	30
ADGRV1	48	47	14	37	29	35	28	21	19	25	33	46	36	40	42	30	19	26	41	33	40	31	41	38	50	54	49	44	33	23	52	42	25	22	22	16	25	26	40	27	53	23	31	28	41	46	64	30	35	37	58	49
AFF3	46	55	34	41	37	36	34	28	23	39	51	49	38	24	25	42	44	54	46	46	41	43	55	28	22	37	55	40	36	66	42	64	48	33	41	56	48	52	46	35	54	47	42	58	69	42	69	64	62	37	32	49
AHCY	183	221	168	226	177	190	181	167	165	191	216	191	225	128	131	222	268	227	259	211	280	252	232	219	197	217	253	194	220	250	244	258	205	206	205	185	202	227	215	141	213	247	272	255	433	290	388	293	337	335	239	261
ALAS1	252	293	213	274	248	225	156	266	161	232	239	245	280	234	197	230	281	264	264	257	225	219	218	260	204	231	247	252	254	286	291	320	272	193	268	217	307	311	303	249	268	301	365	330	407	282	322	333	273	374	330	332
ALDH3B2	20	8	9	11	8	10	11	9	6	6	15	14	20	6	5	11	16	15	11	13	6	8	13	11	10	14	19	13	21	19	23	21	7	11	11	14	19	10	8	21	15	16	16	15	21	12	9	11	6	14	10	19
AMIGO2	510	604	572	666	507	535	422	418	411	535	731	640	872	662	597	652	664	541	602	537	648	542	561	730	562	753	727	709	596	690	633	675	619	479	600	519	648	774	695	683	789	845	805	741	1049	714	825	785	760	1162	889	860
AMMECR1L	95	114	59	98	97	87	76	61	46	76	82	89	82	60	70	95	83	71	87	95	98	93	66	98	89	92	108	108	79	88	110	112	85	79	84	59	77	106	104	88	117	79	107	107	117	138	139	111	83	95	117	97
ANKRD17	13	20	14	14	16	6	9	10	13	15	11	12	9	4	7	21	19	11	9	16	17	9	14	15	15	10	18	16	15	10	22	16	6	11	24	22	13	15	18	14	15	19	14	12	32	22	17	33	15	24	6	12
ANKRD34B	8	20	9	13	16	14	12	18	9	13	17	23	20	15	25	12	10	6	13	16	15	13	10	12	12	18	19	22	10	9	7	12	13	7	12	13	11	14	17	17	12	7	13	12	8	15	15	8	1	19	31	11
ANKRD54	44	33	39	58	55	43	39	53	42	57	71	48	70	33	33	46	64	48	72	70	65	50	72	54	40	68	52	58	55	71	66	71	51	65	49	55	59	60	52	52	46	75	69	60	91	63	72	85	74	78	49	47
ANKS1B	92	127	87	109	92	95	110	64	64	104	136	107	93	92	104	72	102	69	120	109	121	84	98	115	118	111	110	109	100	137	157	90	119	90	66	65	66	85	135	125	148	87	124	108	104	144	167	133	96	165	140	124
ANO8	46	70	39	35	52	45	39	26	45	40	56	53	37	40	32	44	55	55	50	54	69	58	63	60	58	36	60	65	43	60	63	63	34	34	72	52	42	36	67	39	52	56	54	76	72	39	67	74	65	72	70	71
AP1S3	131	140	129	199	176	139	143	76	102	130	230	185	177	150	109	183	186	145	153	163	165	159	154	186	146	174	192	171	171	179	186	157	149	116	159	126	188	196	162	152	199	189	195	208	169	183	219	209	152	257	176	160
APEH	84	121	53	73	39	62	52	69	54	30	76	51	77	19	19	99	104	83	55	92	102	64	55	63	59	66	108	68	79	77	66	82	51	41	60	54	56	77	70	67	92	94	78	81	101	89	53	75	62	80	41	84
ARHGAP11A	52	40	33	47	32	30	36	36	14	25	48	38	47	52	62	26	41	33	35	47	35	38	30	51	29	44	55	43	38	40	42	50	32	33	41	38	36	42	46	39	31	53	43	40	46	52	60	46	35	49	50	47
ARHGAP12	92	115	100	157	98	101	98	63	72	80	112	132	123	114	79	119	121	122	114	109	112	109	106	136	109	142	138	136	129	111	127	108	121	74	95	101	128	123	137	112	152	119	126	116	104	136	149	136	112	162	135	127
ARHGAP19	9	19	14	27	17	16	15	10	12	13	18	11	20	6	10	19	27	42	22	26	22	28	30	16	20	18	20	26	22	12	14	23	10	11	28	16	21	18	18	12	24	19	18	22	33	29	22	32	28	33	19	20
ARL4A	94	146	86	105	113	84	84	57	61	95	94	87	118	234	198	87	97	107	120	110	96	76	99	112	117	111	94	98	91	96	106	116	111	57	86	63	76	133	99	136	137	105	108	117	148	139	140	114	127	196	144	133
ARL4C	96	81	72	79	65	62	66	54	51	74	75	86	93	59	60	60	92	67	69	70	82	58	58	65	64	89	90	71	102	77	83	76	62	73	94	59	77	73	84	68	96	84	73	95	92	72	81	81	54	119	111	87
ASAH1	39	28	43	33	23	31	13	26	13	25	34	28	34	45	52	22	38	36	30	36	21	26	33	42	41	45	53	37	29	47	38	44	51	13	29	23	21	22	23	37	65	20	30	19	31	18	38	29	21	57	30	28
ATP11A	84	112	65	103	71	89	72	57	65	99	92	81	91	33	36	84	134	76	109	97	118	100	106	91	68	76	107	102	89	100	99	112	84	71	94	74	71	94	91	62	87	71	108	103	137	151	129	101	113	105	83	102
ATP5MD	51	46	78	75	42	48	47	56	48	44	72	74	65	148	145	36	52	50	30	35	51	30	36	32	40	36	48	36	28	31	41	36	38	15	23	19	34	32	38	43	57	35	30	38	61	32	26	39	24	33	23	34
ATR	26	28	34	40	39	30	27	13	18	29	41	35	33	78	90	30	34	28	32	45	37	31	35	53	37	47	46	39	17	43	47	38	26	32	29	28	30	23	39	31	43	33	53	31	37	35	53	38	22	50	49	46
BAG1	537	578	722	656	514	519	467	468	423	499	696	600	683	686	671	548	688	649	611	648	634	548	591	784	567	777	814	736	594	635	602	636	761	470	557	493	569	676	680	715	716	618	696	548	844	501	661	799	632	887	705	769
BCAP29	236	272	216	285	190	242	179	154	184	202	279	249	288	266	260	201	272	240	284	224	245	199	237	246	217	238	298	264	251	269	275	285	255	203	265	206	244	288	294	265	322	299	364	327	368	307	362	366	273	372	319	303
BNIP1	58	79	41	49	50	43	38	74	45	43	41	39	59	32	30	45	76	52	50	47	63	39	41	42	41	57	94	57	54	59	57	68	49	38	53	38	69	69	63	51	60	56	71	74	61	58	48	55	38	64	42	52
BNIP3	564	581	351	540	540	435	380	619	563	416	513	441	482	308	254	451	709	767	525	643	627	606	539	472	360	441	714	467	635	602	669	754	509	466	723	559	611	606	467	431	420	612	701	707	931	571	525	788	632	554	376	491
BOK	96	116	58	116	76	103	64	106	74	64	87	103	115	55	66	93	118	102	98	93	122	99	89	104	120	111	121	121	90	102	130	135	116	87	103	97	85	107	87	113	112	112	137	146	162	127	149	114	105	162	133	151
BORCS7	152	177	134	159	140	99	121	118	128	146	165	148	157	112	101	171	165	160	174	133	158	155	165	164	115	152	184	160	152	156	194	182	150	115	166	122	152	209	211	118	144	191	203	158	319	284	279	272	254	235	161	196
BRF2	68	88	86	99	97	83	86	63	44	73	69	107	101	102	119	75	85	78	97	79	104	73	96	99	84	87	92	76	81	105	86	89	113	56	61	68	95	109	80	78	102	78	105	120	110	138	151	100	72	129	123	93
BRICD5	22	16	8	23	14	15	21	28	8	19	24	16	19	18	24	13	15	24	32	21	24	18	20	31	20	25	29	21	20	25	30	24	21	14	16	9	15	20	24	16	15	20	20	23	35	26	28	21	18	30	27	21
BTBD11	14	22	9	13	19	8	5	15	5	4	10	17	13	2	8	14	10	11	10	15	9	10	10	15	21	19	17	10	11	11	17	15	12	10	12	6	7	12	17	6	14	9	18	15	26	21	10	21	17	17	20	33
BUB3	135	170	194	189	153	150	143	119	78	137	193	180	165	312	331	124	153	172	175	218	177	135	206	218	184	232	267	198	154	200	187	181	233	135	142	140	154	197	199	201	237	188	206	142	246	215	283	209	179	304	262	256
C14orf28	67	64	58	76	51	72	43	58	41	50	91	60	59	58	46	62	68	61	72	71	76	75	69	63	41	73	90	70	66	73	74	79	75	56	61	43	61	93	89	54	53	71	95	100	122	104	97	73	73	96	87	64
C15orf48	62	83	54	66	67	57	57	44	46	68	76	80	91	99	95	75	67	60	60	69	63	55	53	67	66	69	108	61	87	89	74	80	69	53	86	55	98	128	77	58	94	90	84	79	90	48	74	62	65	107	116	102
C1orf50	15	27	18	20	17	16	15	9	21	30	26	24	29	24	14	17	21	28	16	24	21	19	24	18	12	16	16	15	26	22	26	34	21	17	28	16	15	28	26	19	27	23	28	30	41	26	24	34	31	25	24	20
C1orf52	127	115	120	155	148	130	145	76	129	149	181	143	157	102	93	135	166	161	175	176	162	163	163	153	114	130	175	156	163	141	135	156	136	114	151	130	138	153	126	106	132	149	165	155	206	195	162	204	180	143	141	135
C2orf15	13	13	21	19	13	8	6	8	13	8	15	11	10	9	10	9	14	17	5	13	14	4	5	19	10	18	16	14	14	9	16	15	16	14	8	11	5	11	12	14	11	16	16	12	17	9	13	13	6	12	11	19
C3orf38	126	132	163	155	159	150	145	74	60	140	181	149	190	219	227	143	183	145	167	157	160	134	171	186	144	175	191	155	154	163	141	152	216	151	174	103	158	158	197	161	200	191	190	172	227	202	220	181	180	243	226	214
C3orf52	88	100	94	113	100	91	89	93	71	88	111	103	121	122	86	90	108	105	140	98	113	82	103	87	80	127	95	80	100	117	124	119	97	73	120	88	110	122	124	98	137	132	126	125	126	133	155	117	88	168	160	127
C6orf136	21	15	21	23	25	15	11	17	21	14	21	22	18	9	16	11	22	30	18	18	14	19	29	12	8	17	20	23	19	18	12	8	20	17	17	28	17	10	14	17	22	18	26	12	13	11	12	23	18	13	12	4
C6orf89	80	110	117	104	77	62	52	37	55	59	102	92	112	123	122	83	101	92	84	87	95	97	84	109	77	107	136	118	94	105	74	108	115	59	91	81	104	98	91	145	136	85	112	99	126	89	108	110	65	146	88	126
CA12	233	271	199	279	240	219	201	160	139	225	274	292	352	294	327	249	230	230	294	244	229	237	223	273	224	290	356	255	224	305	287	278	265	212	266	212	286	323	306	276	361	315	352	330	328	330	366	304	260	392	456	354
CACYBP	20	25	15	25	16	17	17	10	13	8	19	23	29	8	10	17	25	32	20	26	24	20	18	26	13	20	30	19	21	25	23	23	12	18	22	17	24	29	21	25	17	21	28	29	37	34	33	21	18	24	21	30
CALHM2	37	22	12	19	21	13	10	21	13	11	15	17	25	14	5	17	18	10	19	19	15	13	16	13	21	30	26	23	19	10	23	20	17	17	15	14	18	19	15	15	33	23	9	19	46	18	21	15	13	21	21	28
CAPN2	109	106	68	93	69	98	60	65	86	45	89	87	108	33	29	100	128	103	65	107	96	72	84	89	73	96	120	102	86	115	85	103	63	58	93	57	67	105	79	89	98	120	124	81	103	81	64	100	68	105	76	97
CASD1	65	65	61	53	53	51	51	27	30	41	74	44	57	75	63	35	60	55	68	45	64	50	51	71	61	47	63	63	45	54	64	42	44	55	47	44	45	57	51	67	70	67	55	58	63	77	79	60	57	86	75	67
CASKIN1	23	24	25	30	17	29	24	22	18	37	24	25	19	36	25	23	24	24	35	21	29	21	22	31	19	30	18	15	27	29	23	22	30	15	19	25	21	24	23	22	27	34	19	18	31	44	45	43	44	44	31	27
CAST	16	14	22	23	17	18	16	12	7	18	25	21	16	66	31	11	13	15	26	30	24	20	12	24	19	38	25	21	20	13	23	26	27	18	13	13	15	11	15	28	29	20	21	11	10	12	34	15	16	45	48	35
CCHCR1	15	24	20	22	10	13	11	7	4	18	15	14	20	11	9	11	13	14	13	14	12	19	25	15	13	9	17	16	9	21	16	24	18	10	11	14	19	13	30	19	12	17	29	13	30	13	14	28	29	21	19	17
CCNB2	32	32	33	40	28	21	38	23	36	18	36	32	35	24	14	30	34	48	27	39	31	36	18	35	31	30	55	43	41	33	31	31	31	21	25	32	38	42	36	26	45	40	28	41	40	33	29	28	31	36	27	23
CCS	154	149	143	167	145	150	121	149	101	151	180	161	177	96	106	169	193	177	193	169	164	177	175	163	133	157	182	157	157	182	169	189	141	147	179	142	162	210	181	127	129	207	187	176	283	184	212	282	207	232	195	196
CCZ1B	67	69	88	99	78	63	56	50	36	79	61	67	71	400	374	54	42	58	82	91	67	81	60	99	108	171	175	114	40	72	85	102	209	56	55	54	48	66	121	152	134	44	60	40	67	40	150	65	46	209	206	158
CD47	631	708	690	649	525	495	369	288	458	451	681	625	716	854	789	600	707	658	545	596	644	505	555	706	508	715	757	603	719	692	634	711	592	457	645	542	714	853	727	824	803	702	742	603	938	627	732	838	685	887	754	780
CD68	11	18	12	24	22	22	13	8	22	17	25	31	25	5	5	21	29	28	16	21	16	23	32	22	12	9	32	25	14	26	20	22	17	16	36	24	17	18	21	11	31	21	29	29	32	27	20	22	21	19	20	20
CDC23	168	205	186	204	236	199	205	142	163	218	251	212	260	205	173	241	250	205	256	190	200	225	261	203	160	227	284	206	233	269	243	228	211	191	227	214	236	237	188	201	202	226	306	281	306	255	328	324	296	363	299	257
CDIPT	181	197	199	270	216	226	185	154	146	197	221	250	294	148	146	240	305	290	299	271	247	305	272	266	187	224	241	243	263	289	255	316	202	221	250	263	287	300	264	189	215	348	306	260	415	353	401	449	343	343	263	335
CDK18	19	29	13	19	21	12	12	22	14	10	19	8	15	6	10	20	17	20	14	16	25	17	9	19	16	20	16	16	22	18	14	23	26	16	20	9	14	28	16	8	19	10	19	12	26	23	14	9	14	22	16	24
CDKN2B	28	19	7	14	18	19	9	29	36	32	12	10	23	5	5	21	31	27	15	21	27	31	13	20	12	21	27	22	19	30	22	37	20	17	23	24	25	24	17	18	18	15	23	18	20	12	12	16	22	17	14	21
CDS1	35	29	22	29	47	18	22	14	23	13	42	32	34	25	21	21	25	36	27	38	31	25	23	25	22	24	33	32	18	33	30	27	24	16	26	24	29	23	20	31	32	28	34	37	37	26	35	35	12	41	21	29
CENPK	86	85	47	88	55	52	60	34	19	50	59	65	55	94	74	59	62	48	81	73	61	51	72	72	59	57	61	92	60	68	77	57	71	56	54	57	83	78	72	83	104	71	77	60	53	70	100	64	55	90	78	64
CEP192	15	16	25	34	24	23	25	8	10	27	26	35	15	25	32	6	23	18	43	24	21	31	37	18	24	40	16	23	14	23	15	20	26	17	23	19	13	12	11	12	23	17	23	20	8	23	46	26	35	25	19	18
CEP290	103	104	70	93	78	82	61	40	64	70	92	77	91	57	34	72	88	75	89	88	96	58	101	79	54	62	90	84	76	87	99	91	87	57	98	75	58	78	74	70	77	81	112	103	99	91	85	100	110	94	62	94
CGAS	13	33	18	24	23	21	17	10	13	19	24	24	14	21	24	27	18	10	25	15	20	13	19	24	15	31	21	29	16	19	23	24	26	16	20	10	22	23	19	27	27	31	25	25	29	40	34	32	21	42	37	16
CHAC2	22	25	23	23	19	31	19	24	18	20	26	26	31	19	30	28	40	37	25	16	26	19	19	23	26	30	20	16	27	26	21	19	23	18	28	15	36	39	29	20	28	23	27	28	50	20	39	18	23	39	29	30
CHST3	12	14	19	21	19	16	11	14	7	23	13	10	22	11	12	14	17	19	16	21	10	11	20	18	16	14	27	19	7	13	22	13	14	15	18	16	11	24	14	17	16	17	17	23	30	16	20	24	26	13	25	15
CHTOP	312	329	229	273	312	273	245	241	212	268	314	280	308	217	177	303	386	294	332	295	346	312	332	345	242	306	336	308	286	296	330	397	260	275	350	302	296	333	330	200	334	279	337	369	454	378	372	386	366	349	279	315
CIB1	156	132	89	155	139	130	100	154	164	107	151	141	178	72	84	134	147	135	149	131	148	147	137	141	104	121	137	118	120	124	142	133	87	96	123	117	115	138	105	110	113	138	113	162	185	141	150	181	156	137	109	121
COL5A1	50	30	21	24	22	20	20	11	18	18	24	26	29	18	27	31	35	37	27	25	26	20	23	31	26	42	43	26	17	22	33	47	25	28	21	17	21	32	26	25	33	21	28	40	39	29	39	27	20	36	43	34
COLGALT1	60	45	30	47	28	36	30	37	51	32	41	31	55	12	15	52	75	72	42	69	64	56	65	42	30	42	68	40	53	81	47	65	38	32	67	57	33	43	45	25	35	49	54	53	89	48	46	60	51	45	39	47
COMMD1	23	32	22	25	21	16	15	19	11	25	25	18	32	46	30	34	25	25	19	29	29	14	21	19	20	25	26	25	18	24	27	22	25	10	23	14	28	26	31	33	36	39	29	34	68	28	39	38	23	43	32	37
COQ8B	46	57	64	82	75	65	54	52	41	69	87	65	78	54	44	82	83	82	57	69	85	72	90	72	60	71	87	74	80	82	81	90	78	89	76	63	74	70	63	37	66	89	92	96	119	96	107	131	110	90	64	72
COTL1	61	74	48	61	60	48	54	104	50	43	70	56	77	34	30	79	81	66	60	67	67	64	49	57	60	84	82	55	60	88	79	97	65	52	90	43	77	84	90	57	52	50	75	83	102	78	90	83	58	111	88	93
CRISPLD2	58	58	38	54	53	59	47	41	22	39	42	42	48	56	35	40	53	42	71	53	50	48	47	49	55	60	55	46	55	66	65	50	57	46	60	37	46	46	47	64	66	65	71	67	41	60	52	51	47	70	73	61
CROCC	41	38	40	60	42	36	36	23	14	43	47	53	35	35	21	42	48	30	36	58	52	46	63	47	37	36	56	55	50	51	60	42	32	27	38	46	46	36	42	38	58	39	58	62	43	39	43	61	62	48	39	39
CSE1L	568	669	548	645	523	594	435	493	389	552	639	528	687	936	911	499	615	590	623	549	524	460	567	677	551	644	727	598	616	623	683	713	684	479	645	489	666	793	755	716	799	694	827	712	889	729	936	733	695	1041	950	787
CSNK1G2	57	54	49	73	58	55	41	57	50	65	52	61	67	27	31	69	70	85	76	92	82	57	72	68	50	53	81	75	82	83	68	74	70	59	87	79	57	61	54	42	68	72	83	90	107	66	72	88	76	61	56	65
CSPP1	11	16	6	8	7	12	10	27	10	12	8	12	12	8	10	10	12	4	11	6	14	9	14	9	8	20	15	16	6	8	5	12	10	7	4	12	11	14	13	9	6	6	19	10	16	19	16	17	21	13	11	11
CYB561D2	14	20	13	11	10	13	10	20	15	11	14	17	14	6	5	10	15	12	11	11	16	16	6	11	10	17	20	6	15	13	12	23	15	14	17	22	9	26	10	18	16	18	13	13	20	24	20	30	27	21	14	19
CYSTM1	64	73	36	52	46	41	44	76	43	35	48	42	51	19	14	42	47	68	41	60	55	43	37	45	59	89	80	65	53	39	61	74	40	55	57	36	55	73	60	29	46	65	44	44	63	49	52	40	42	47	57	60
CZIB	20	24	22	16	17	22	11	17	15	18	18	20	27	12	16	12	36	31	19	25	16	22	32	24	23	23	25	18	24	23	28	31	15	17	25	20	18	20	8	24	23	23	24	17	36	21	27	29	30	20	18	24
DCAF11	230	269	190	230	208	191	167	288	227	172	212	201	259	128	121	244	275	269	256	221	256	234	236	223	206	301	293	243	228	224	262	289	213	193	282	240	206	241	221	197	245	223	273	300	467	363	353	362	318	293	213	298
DCAF8	85	96	63	91	72	75	58	109	65	72	92	90	92	50	42	98	116	100	99	99	102	107	109	92	90	79	139	111	85	105	100	119	68	86	96	85	97	82	108	79	67	126	126	113	130	98	98	135	128	119	85	105
DDTL	55	63	39	52	49	61	42	42	49	55	63	81	78	51	64	50	66	64	55	68	55	57	71	59	53	46	65	48	57	65	60	61	50	40	60	61	57	57	63	42	62	84	76	87	128	79	98	96	85	74	69	69
DDX18	31	29	16	31	37	22	27	22	38	13	19	22	39	16	13	23	55	37	22	36	31	32	32	33	22	26	41	37	31	36	30	30	26	26	37	38	33	33	22	15	34	38	43	40	43	50	31	48	50	25	28	29
DDX43	25	27	32	36	30	26	21	19	19	21	24	45	25	28	27	34	39	37	25	35	30	15	29	28	33	38	33	28	26	33	20	36	33	26	24	28	30	27	42	21	43	30	36	43	45	45	38	35	29	47	33	34
DENND4C	11	8	10	15	5	18	10	6	17	15	17	5	12	9	8	22	12	9	25	15	7	11	16	12	15	18	21	12	14	14	9	7	15	12	13	19	13	17	14	7	12	15	8	20	15	17	12	22	16	19	19	6
DERL2	18	14	30	23	16	21	18	12	18	11	26	20	24	92	86	22	30	29	29	15	25	16	20	23	17	23	43	21	14	28	29	21	26	15	21	21	27	33	26	35	38	23	22	20	23	25	30	29	24	47	35	29
DHX29	130	130	105	148	130	117	101	141	103	134	170	146	149	147	116	125	132	114	170	125	139	160	148	135	116	134	149	129	144	167	158	159	142	126	146	151	155	157	166	118	154	151	186	165	170	189	206	204	191	217	187	167
DIABLO	18	12	6	15	12	14	5	31	9	14	19	12	11	4	3	21	19	19	9	12	17	12	22	16	15	12	18	19	8	17	11	19	15	14	30	15	13	17	17	5	22	20	31	15	27	14	16	32	17	18	12	10
DIAPH1	296	303	172	262	244	196	181	268	160	211	259	251	321	188	153	264	311	320	239	274	304	252	234	248	222	276	388	272	232	290	313	340	195	231	292	216	281	297	293	216	278	295	305	371	371	271	301	308	267	298	294	304
DIS3	71	91	41	63	62	56	52	78	33	59	76	61	58	81	91	47	62	58	65	58	70	39	70	63	72	68	84	55	63	55	69	87	53	52	59	47	70	77	76	64	80	62	62	77	87	104	133	62	60	91	108	81
DNAJB4	44	54	39	47	48	50	33	20	28	39	51	41	58	92	98	51	63	56	41	50	36	34	47	48	53	57	53	49	35	54	55	55	56	44	57	41	37	56	55	76	95	39	62	54	65	75	68	56	49	86	78	53
DNM1L	317	358	129	184	159	169	150	247	158	164	204	182	244	111	116	190	194	155	205	184	179	158	178	201	208	216	265	257	209	194	228	231	158	174	200	143	211	269	261	175	223	207	208	252	298	310	313	250	210	274	242	274
DOCK5	69	84	66	69	66	64	67	59	47	51	95	70	90	68	49	77	99	69	72	91	96	66	72	72	76	85	83	66	73	71	61	79	76	77	79	65	84	84	105	57	94	82	93	100	123	131	106	95	77	127	102	75
DUSP5	62	59	29	54	47	56	50	56	35	47	63	73	51	43	57	35	48	70	62	52	63	49	28	58	54	65	77	66	67	39	51	78	54	41	61	49	75	62	52	80	82	68	64	76	72	75	69	56	49	75	85	73
EEF2	1028	1102	850	1293	1123	1177	856	1012	793	1027	1210	1114	1277	654	731	968	1372	1256	1335	1098	1188	1246	1139	1079	840	1031	1308	1182	1145	1194	1086	1214	1117	1028	1227	1014	1099	1192	1019	953	1157	1312	1592	1349	1663	1458	1666	1654	1506	1471	1388	1279
EFHD1	253	287	118	174	199	196	148	225	157	184	220	207	212	211	283	143	186	157	243	172	200	155	170	237	213	247	249	255	165	144	223	238	164	177	168	141	210	270	263	196	254	186	219	225	295	228	319	233	235	264	325	299
EFR3B	30	35	16	42	39	27	14	34	14	19	32	21	40	21	19	27	25	36	23	18	32	29	30	29	27	43	34	25	26	39	30	28	26	16	30	20	17	36	33	14	29	29	27	34	43	43	53	27	25	39	50	47
ELF3	19	36	19	20	28	32	22	48	19	17	26	18	34	8	4	36	30	33	19	43	35	30	12	26	26	30	50	31	37	23	40	26	20	18	30	21	12	36	28	23	22	24	25	31	49	35	34	20	20	17	20	31
ELP4	28	36	28	27	17	22	20	17	44	29	24	37	37	16	9	25	39	44	40	25	51	25	37	28	27	26	38	22	26	40	29	41	26	28	32	27	19	33	20	20	36	43	41	24	61	50	65	48	44	52	17	32
EPM2AIP1	142	162	87	158	136	129	120	135	112	119	151	144	167	62	49	160	215	190	153	163	194	171	163	151	153	154	224	190	194	162	183	185	131	158	182	174	157	176	169	151	154	161	176	200	270	176	176	259	200	178	141	157
ERCC4	27	27	24	27	27	25	15	18	20	26	22	14	28	12	24	22	21	28	16	23	32	22	27	22	24	23	24	35	33	28	23	30	23	24	34	30	16	30	35	22	39	19	27	33	49	28	38	34	32	27	25	19
ERI1	30	41	64	54	47	40	50	25	33	43	63	49	54	64	91	52	48	39	66	41	37	37	44	60	40	43	53	61	43	56	53	47	48	35	38	27	28	61	53	77	66	55	56	67	54	53	70	77	54	69	86	58
ETHE1	18	16	20	30	23	30	20	24	21	25	20	18	27	18	14	43	26	44	28	28	21	21	40	27	24	26	40	30	24	24	18	39	30	26	31	25	20	40	25	22	20	49	29	30	56	32	32	46	43	35	29	23
EXOC1	36	26	18	31	31	31	20	19	26	27	35	24	24	18	20	12	27	15	28	24	14	27	36	23	16	31	31	23	16	24	16	20	16	27	12	18	23	18	15	20	28	18	17	23	11	21	22	34	28	7	11	23
FAAH	51	46	34	46	44	47	34	74	33	39	39	40	40	29	30	34	44	36	48	33	53	48	60	37	41	50	47	49	38	41	49	51	36	34	46	40	50	58	30	51	45	44	48	41	58	70	64	46	68	49	50	60
FAM107B	330	403	346	370	309	286	193	263	193	273	316	269	349	441	519	231	324	328	299	310	301	290	292	376	251	386	448	355	290	332	279	332	405	239	258	270	312	290	358	392	435	355	361	308	344	290	324	296	287	392	387	420
FAM171B	159	197	88	119	116	121	117	128	144	125	127	98	141	77	73	115	171	142	127	131	154	140	146	117	109	148	178	178	149	136	147	200	127	116	159	144	139	144	147	121	145	132	141	155	237	210	160	150	167	144	127	138
FAM189B	15	17	17	25	17	8	13	17	16	29	22	15	34	3	21	15	41	37	28	18	17	23	28	25	9	26	23	18	22	32	21	32	28	20	23	28	26	26	22	20	28	43	35	28	14	23	42	41	35	28	14	15
FAM3A	371	394	270	399	351	360	301	341	309	368	339	352	401	205	182	332	457	395	378	377	390	421	373	381	299	371	452	389	340	416	362	433	323	328	389	301	372	398	355	288	359	465	502	457	597	416	449	517	443	508	345	374
FAM53B	17	21	18	21	12	20	11	16	23	14	21	23	22	9	8	25	28	18	20	25	22	23	33	22	18	23	23	29	19	21	30	24	17	14	19	15	21	19	21	24	18	18	15	16	31	29	23	20	36	25	22	26
FAM72A	31	30	44	58	41	31	36	26	13	28	48	38	29	114	86	21	44	30	42	34	33	23	42	53	34	33	36	43	35	44	33	36	64	22	27	22	39	32	40	59	55	47	43	25	34	27	50	30	42	54	44	42
FBXO30	70	76	61	86	66	72	42	58	69	92	101	73	88	50	33	79	73	72	88	89	92	72	94	86	62	77	99	93	76	72	90	82	79	68	80	73	78	84	92	84	108	104	90	108	135	73	98	103	93	117	97	81
FBXO36	7	7	12	7	10	12	11	7	7	10	13	8	14	12	12	17	15	8	9	8	12	3	6	11	14	19	21	11	20	20	14	12	18	11	14	6	8	13	14	12	5	2	15	11	26	17	19	24	6	26	23	20
FOSL1	23	29	10	24	19	21	2	12	11	9	33	27	29	11	10	23	33	31	15	24	14	18	13	27	12	23	28	28	24	25	27	42	30	15	27	22	37	31	20	32	24	31	30	37	34	26	31	23	25	31	35	29
FOXRED1	22	11	15	22	24	17	14	15	10	11	16	22	26	12	5	22	25	10	23	23	13	15	11	24	21	31	40	18	14	23	26	28	14	13	16	13	15	15	15	18	19	19	20	20	29	16	22	39	17	28	12	20
FRY	33	48	32	33	27	19	23	13	24	22	33	46	38	32	17	18	34	17	36	29	29	26	22	24	26	30	38	28	22	24	29	30	26	19	26	19	31	28	26	30	45	33	29	37	38	33	47	34	27	47	38	40
FUT5	11	10	10	15	12	12	14	11	6	6	18	17	16	9	6	17	5	6	15	7	13	7	10	13	17	17	14	17	9	19	5	17	12	10	10	5	10	8	15	11	19	11	14	9	9	19	11	17	10	15	13	15
FZD5	14	26	13	22	19	20	9	18	18	29	26	18	27	16	11	25	27	23	20	43	27	34	19	26	7	22	18	28	28	29	27	28	20	21	30	31	19	21	24	26	18	26	26	25	41	30	31	37	27	24	25	27
G6PD	1937	2272	1601	2050	1714	1657	1415	2622	1227	1813	1880	2069	2372	1566	1738	1833	1893	1694	1807	1774	1842	1574	1679	1881	1776	2300	2347	2236	1866	2051	2097	2159	1743	1523	2133	1563	1806	2198	2207	1711	2074	2295	2438	2313	2458	1766	2039	1982	1631	2971	2800	2766
GAN	37	43	44	63	43	32	27	52	26	40	54	53	36	60	46	46	60	51	65	39	68	44	34	40	39	54	84	61	40	49	69	70	62	47	70	36	48	51	56	39	58	55	58	53	82	81	82	48	63	102	80	71
GAS2L1	34	43	33	39	45	37	39	36	32	29	32	40	36	20	22	32	46	42	38	26	47	44	41	41	37	61	48	47	34	39	53	40	34	34	43	41	27	37	46	34	36	27	41	57	63	42	37	56	63	55	39	37
GAS6	135	103	107	146	155	127	136	101	78	150	138	143	162	107	114	120	142	134	168	139	154	145	161	141	110	151	155	147	113	168	166	174	128	113	161	135	140	149	150	111	169	159	162	168	186	197	204	162	184	197	186	186
GATD1	18	21	13	10	16	10	15	65	14	23	18	12	29	3	5	13	17	13	28	16	26	13	19	17	21	22	32	18	12	15	23	19	17	18	17	21	10	22	16	14	9	20	15	17	24	22	28	23	33	21	16	25
GCLC	165	168	155	206	194	167	132	134	114	171	196	177	207	158	116	134	182	179	148	192	215	158	160	184	166	197	265	215	170	225	191	211	160	121	160	141	171	164	192	206	201	147	236	186	180	151	167	168	155	253	187	208
GCSH	521	524	528	697	571	511	394	408	390	505	646	613	637	922	849	439	625	562	587	564	536	439	522	641	435	606	656	512	557	604	588	567	594	442	577	451	636	652	648	700	697	637	757	618	710	634	817	780	585	896	866	681
GDF15	2459	2410	1737	2760	2296	2244	1946	1941	1903	2364	2684	2613	2811	1905	1829	2056	2693	2457	2491	2583	2805	2278	2333	2716	2355	2655	3253	2729	2505	2826	2767	2877	2290	1964	2816	2065	2743	2987	2634	2329	2868	2662	3092	3090	3477	2298	2629	2581	2156	3563	3041	2976
GEMIN8	15	24	11	33	44	37	22	20	19	30	34	23	27	26	31	33	36	32	42	19	25	18	18	30	24	28	18	33	21	37	23	29	36	28	14	9	40	32	45	23	30	22	50	31	54	43	37	37	39	44	43	29
GINS2	27	26	27	42	31	22	16	28	8	21	23	19	30	37	28	18	10	22	32	26	28	16	22	25	34	26	31	35	22	22	32	27	34	22	19	13	26	34	27	20	32	35	39	28	49	23	52	30	26	48	43	27
GM2A	10	12	9	14	15	19	12	10	9	26	17	15	19	13	19	10	15	10	14	11	6	16	16	12	19	14	8	15	19	15	9	11	15	12	24	12	14	17	14	7	14	17	22	14	23	26	17	35	21	21	12	12
GMEB1	56	83	29	45	33	56	42	68	27	44	51	54	68	41	61	36	50	35	51	49	52	41	39	55	48	69	65	48	46	49	60	50	35	42	50	29	35	59	55	49	46	35	41	44	70	62	56	60	52	85	73	79
GOLGA8R	7	10	11	13	15	13	15	11	12	18	9	21	10	7	6	8	11	10	20	12	12	7	15	8	6	10	27	11	7	16	20	11	12	13	13	16	20	8	15	13	17	13	18	16	23	12	8	16	28	24	11	20
GOLGB1	41	48	32	51	38	44	37	77	31	37	39	32	47	13	17	36	68	54	50	44	68	57	64	53	43	53	84	49	53	50	51	66	37	36	52	42	33	33	45	31	38	56	50	61	55	68	46	68	60	45	25	34
GPBP1	58	57	38	39	39	38	33	23	29	39	52	52	43	34	36	45	60	44	36	54	53	39	42	52	42	61	76	67	44	59	52	50	43	36	43	33	53	73	56	48	38	38	41	42	56	31	31	39	35	57	29	58
GPR37L1	26	43	23	33	34	18	33	38	18	14	33	30	34	26	6	43	26	20	28	26	37	23	22	28	38	29	44	34	44	39	34	31	29	23	30	19	26	33	33	30	36	34	29	36	51	43	33	42	22	51	29	42
GPR39	18	9	13	13	16	14	8	15	12	14	12	19	17	20	15	11	11	17	19	18	11	12	11	25	23	24	19	19	13	14	23	15	16	12	10	7	11	14	20	21	18	15	21	17	24	30	27	23	19	26	36	16
GRAMD4	14	15	11	16	21	20	8	28	10	16	17	14	23	7	6	18	18	19	18	18	23	26	20	19	13	20	22	24	17	17	28	33	19	14	23	21	18	16	22	12	16	18	16	17	22	25	18	22	26	16	19	16
GSK3A	89	82	73	58	85	88	67	84	65	71	91	93	100	84	84	63	107	63	91	80	79	72	73	76	77	89	93	87	86	79	97	121	85	63	90	41	65	89	121	93	100	69	95	90	132	135	124	100	103	119	136	97
GSR	744	809	455	729	569	582	496	571	487	565	696	621	700	592	562	636	757	728	703	607	660	593	650	659	504	637	798	706	653	708	695	753	579	532	705	509	651	774	711	647	743	747	790	818	875	792	835	760	670	803	730	708
GSTM3	215	242	173	175	140	139	121	122	114	98	163	148	212	103	103	201	221	198	171	148	137	152	134	128	115	168	180	198	230	156	153	231	164	131	179	144	200	254	210	171	203	226	261	209	353	229	259	295	211	240	174	219
GTDC1	23	13	4	20	11	15	9	9	4	2	19	10	17	8	13	7	11	20	18	8	9	8	9	11	7	16	17	14	12	23	9	8	7	7	11	6	18	13	26	10	24	15	25	17	4	27	20	24	16	15	15	21
GTF2H3	37	27	17	18	15	22	16	24	20	17	13	20	22	10	12	18	23	21	8	15	17	19	21	37	20	18	21	16	14	25	21	26	17	17	18	26	13	25	21	14	21	13	32	22	22	22	21	25	34	18	22	12
H2AFJ	298	313	166	255	199	223	199	180	175	180	216	219	267	136	121	231	313	359	297	278	262	257	279	253	157	259	303	229	323	252	251	280	240	217	239	249	240	252	239	175	235	328	290	307	374	299	315	396	398	249	237	251
HAGH	147	182	147	245	192	184	149	192	158	194	215	223	191	160	159	201	227	206	233	205	296	200	233	258	172	185	242	225	215	217	230	242	235	172	238	215	193	230	215	149	185	246	282	280	423	297	302	321	257	313	270	257
HCN4	12	8	12	16	14	8	13	12	16	14	12	23	25	21	9	11	22	12	13	9	24	8	16	20	18	24	14	22	9	8	19	20	29	12	12	2	14	17	8	20	16	12	15	20	15	16	25	10	11	28	31	15
HEATR3	26	30	23	34	23	38	23	18	18	22	36	35	37	24	25	31	28	39	29	29	33	29	28	30	31	39	47	44	29	45	37	36	25	27	36	27	38	37	29	38	28	29	44	47	69	49	48	56	26	43	59	46
HIBADH	67	63	59	79	69	65	49	50	77	65	86	65	74	41	39	74	79	86	88	72	80	87	73	68	42	50	89	74	78	83	79	61	64	63	84	72	78	100	100	61	55	69	101	97	129	104	98	130	114	97	86	80
HIST1H2AD	80	113	61	89	87	70	85	54	78	90	105	98	100	44	52	70	128	107	113	86	103	97	101	98	86	113	126	89	84	101	95	108	78	90	102	92	95	105	107	106	112	126	155	138	138	168	200	188	149	122	116	90
HIST1H2BF	51	61	90	119	105	88	98	74	68	90	103	126	84	115	86	66	133	124	145	102	81	116	140	103	60	76	116	87	75	83	85	98	112	97	93	107	111	106	104	106	87	128	129	149	138	158	229	216	178	140	116	114
HIST1H3D	140	127	113	173	158	154	139	81	139	146	170	138	142	91	75	124	188	173	174	153	188	180	190	162	139	140	154	159	167	175	156	188	161	122	170	128	149	171	137	130	159	170	208	217	297	311	297	274	233	217	215	162
HLA-DRB5	35	29	19	36	14	24	15	21	20	23	24	26	26	16	13	29	31	32	18	26	33	32	34	21	16	17	24	18	19	26	18	29	22	28	31	27	38	31	27	12	19	34	27	22	50	31	35	28	40	44	24	19
HNRNPH1	565	615	409	583	503	471	381	545	451	474	558	529	653	413	363	607	802	628	638	629	704	595	635	583	511	568	686	607	649	649	643	651	573	459	673	543	584	690	654	585	553	761	818	771	1034	751	792	858	806	751	658	672
HOXC10	41	28	21	22	23	10	18	18	14	25	22	15	28	35	39	23	20	24	26	23	28	9	17	23	28	22	27	23	15	29	22	38	22	18	32	14	27	33	28	25	25	33	36	32	40	45	42	31	27	49	37	46
HS6ST2	173	195	147	167	139	147	122	132	123	152	177	188	187	234	212	119	172	157	198	146	170	149	151	161	140	197	195	228	161	194	181	201	155	157	189	151	179	238	195	161	222	191	219	236	245	202	243	201	154	292	250	255
HSBP1L1	122	143	84	79	78	63	51	37	62	52	90	96	87	73	64	71	101	86	94	87	75	69	59	76	56	72	108	79	83	63	74	81	72	55	64	69	60	87	93	102	98	86	109	86	129	88	101	105	87	79	78	92
HSDL1	167	197	83	128	101	121	88	260	71	101	126	130	142	121	151	99	140	120	98	117	148	103	105	130	129	138	177	157	135	116	133	201	138	100	136	112	123	189	160	161	156	124	146	159	206	202	180	147	159	206	142	187
HYAL2	74	85	43	70	68	70	62	100	50	67	81	63	56	91	74	79	83	68	94	57	71	62	65	78	86	88	76	65	79	67	83	78	76	59	84	50	67	89	92	51	66	69	99	95	122	124	143	77	77	134	111	98
IDH2	618	722	637	681	563	540	410	480	319	586	697	654	718	1408	1363	461	564	507	619	648	600	507	631	752	622	823	891	778	498	663	701	640	913	493	586	504	478	636	648	905	912	549	707	634	808	607	890	714	520	1252	1186	944
IDI1	3247	3072	2300	3355	2923	2991	2431	2620	2562	2652	3075	2676	3018	1844	1526	2924	3881	3533	3236	3493	3825	3151	3254	3008	2375	2632	3890	3185	3452	3470	3560	4147	2978	2872	3556	2926	2922	3372	2710	2702	2713	3550	4030	4096	5511	3850	3706	4201	3753	3981	2772	3031
IFNGR2	72	98	47	83	73	56	47	65	57	57	93	62	93	43	34	66	101	127	76	72	77	79	49	63	57	85	104	85	88	78	68	116	68	58	67	71	90	97	93	63	68	93	76	90	135	80	77	106	60	87	63	87
IGFBP3	31	55	37	43	46	47	43	31	25	34	46	29	55	51	43	36	42	31	37	36	41	40	35	49	36	54	54	36	33	32	64	41	36	28	41	38	37	63	48	42	38	36	56	49	54	45	67	38	35	59	58	67
IGFBP5	19	48	22	50	32	29	35	44	28	32	38	34	25	17	18	41	49	30	42	42	51	37	40	34	24	35	30	31	29	43	18	38	32	35	33	28	41	41	36	21	34	39	52	36	116	99	77	71	96	56	25	44
INO80B	9	24	27	17	13	16	16	16	15	22	39	14	19	11	19	18	19	18	33	23	21	25	24	22	20	22	31	23	15	19	26	22	17	12	23	19	16	24	29	17	16	19	27	28	33	26	26	25	41	27	17	27
IPO9	60	53	50	61	48	54	33	19	28	39	62	53	53	34	24	39	71	54	44	71	60	61	53	56	50	52	75	73	48	47	61	61	46	29	46	33	39	54	43	55	64	58	68	74	73	46	66	55	46	89	45	56
IRF9	45	82	19	47	19	36	32	67	113	36	48	29	46	20	10	50	58	61	38	48	61	54	48	45	53	54	117	40	61	56	21	64	25	58	53	26	30	63	50	17	51	70	40	45	70	62	77	35	94	33	39	37
IRS2	88	94	92	120	120	114	93	94	78	129	109	98	120	81	78	95	144	112	164	111	133	115	137	123	87	120	143	116	93	137	109	154	116	100	150	110	93	118	89	97	111	141	173	138	220	193	220	176	184	199	136	131
ITGB5	55	71	52	82	49	69	50	78	74	50	61	64	84	16	17	81	93	52	71	59	66	86	60	71	52	87	84	78	82	65	46	106	39	48	91	59	52	82	66	63	72	81	69	95	154	117	78	123	115	75	39	77
KCNJ3	51	50	24	35	35	28	15	58	25	35	38	38	26	36	24	21	34	24	35	28	34	29	27	39	45	40	49	45	30	26	39	43	21	24	26	19	22	35	42	29	42	35	30	40	47	55	58	30	27	55	45	57
KCNK2	31	27	22	25	24	19	21	17	14	17	34	22	41	29	46	14	17	22	16	19	13	14	12	25	31	34	38	32	17	30	27	20	23	25	12	21	35	39	34	34	29	28	16	27	25	20	36	21	20	21	33	26
KCNMB4	14	20	21	13	19	13	5	11	8	7	16	8	25	20	11	22	17	23	8	18	18	19	9	18	11	19	15	19	20	9	16	23	12	15	12	7	7	13	19	16	18	17	16	7	30	21	20	16	18	17	19	18
KCTD17	22	37	28	29	29	27	23	33	27	22	33	32	34	17	10	38	30	34	39	25	27	27	22	22	17	35	38	32	29	37	34	34	31	18	31	19	19	38	32	17	31	33	43	27	51	34	33	23	26	37	34	29
KDELR2	202	246	202	316	190	208	190	114	139	228	241	250	251	299	243	227	270	250	214	270	270	212	203	300	214	259	302	253	260	312	282	324	246	213	297	210	288	297	285	258	265	274	282	314	538	317	371	347	271	490	328	318
KIAA1109	199	192	188	238	197	216	211	136	113	199	227	233	206	279	304	164	190	214	256	201	202	140	194	212	203	232	220	236	173	222	269	220	246	182	214	155	208	235	252	216	284	222	323	245	291	299	421	226	261	425	324	261
DENND11	159	149	115	152	125	116	108	160	78	158	170	132	140	122	83	146	141	137	154	138	160	138	164	143	118	152	196	129	126	165	172	152	145	153	156	140	128	146	171	137	155	198	166	194	230	275	247	228	195	208	193	177
KIF13A	443	446	419	560	460	490	400	379	357	437	530	454	532	361	383	481	570	467	560	484	513	543	523	513	387	459	591	479	472	553	521	501	406	427	479	411	453	500	553	449	496	559	588	584	683	714	706	646	718	676	579	568
KIF20B	135	117	94	135	111	97	63	75	85	101	124	111	127	114	95	109	141	127	110	104	128	113	128	99	80	107	145	119	132	126	113	138	115	105	130	137	142	136	140	149	111	130	177	140	189	92	102	188	158	137	124	132
KLF16	64	40	47	50	54	52	28	60	53	40	53	52	55	15	21	58	62	83	52	60	63	54	87	55	23	46	66	55	68	81	65	97	64	48	66	71	47	50	61	54	58	61	87	81	118	59	61	75	65	78	45	63
KPNA1	124	155	67	108	103	97	97	143	83	82	122	102	112	91	77	111	131	113	93	90	137	83	106	111	114	116	129	144	111	111	137	163	100	86	119	92	121	138	149	86	106	88	131	143	226	149	113	119	118	168	106	118
KRT15	64	87	61	81	57	70	63	62	40	77	73	55	71	65	48	68	73	74	93	95	73	63	90	104	74	75	80	63	96	100	93	76	75	68	76	84	94	119	80	62	71	127	121	92	204	167	126	159	164	182	87	92
KRTCAP3	16	22	7	13	6	9	13	17	13	13	15	9	7	5	7	7	17	6	7	14	14	12	14	8	11	11	8	12	18	7	16	16	9	8	22	12	18	10	17	10	8	8	20	14	24	18	13	25	12	8	7	7
LDHA	361	322	216	309	309	283	253	217	285	267	268	234	241	167	107	239	405	418	252	338	355	326	312	284	213	256	455	289	319	336	321	480	297	259	369	286	316	285	265	263	234	252	331	323	555	409	358	399	331	300	233	220
LGALSL	51	44	43	67	43	48	42	55	54	47	65	52	58	24	19	41	63	79	54	48	56	50	63	54	34	47	50	42	62	64	50	64	45	36	65	44	43	70	49	55	32	66	61	53	53	42	45	67	73	52	34	42
LMBRD1	240	268	183	221	196	179	164	162	178	177	245	223	254	131	131	204	274	282	208	206	226	230	233	210	150	215	250	224	215	219	223	249	232	165	265	230	224	252	263	232	279	288	325	283	370	316	326	350	293	273	233	230
LMNB1	81	86	52	46	68	57	62	97	35	54	74	64	95	49	41	55	90	88	93	62	75	64	66	69	60	74	99	67	64	74	86	76	63	42	70	65	59	73	91	63	63	77	63	84	98	88	69	72	53	77	69	95
LRIG1	266	286	218	289	258	235	195	181	197	246	269	272	308	163	161	258	294	264	273	264	276	246	231	259	176	195	278	255	288	291	264	307	255	218	231	267	230	239	264	237	297	306	363	358	406	431	416	420	396	389	266	284
LSP1P4	26	33	13	14	13	16	8	13	23	5	14	14	26	4	11	26	32	24	16	18	21	12	18	16	16	20	27	19	28	24	25	26	12	10	23	14	28	36	17	14	23	32	24	21	38	23	11	25	12	23	14	14
LUZP6	33	40	54	58	29	33	27	23	21	23	42	35	45	45	51	40	44	60	27	45	41	35	35	46	36	50	54	34	47	41	34	42	41	30	34	23	20	47	48	39	43	43	45	42	38	45	23	38	39	40	28	59
LY6G5C	26	32	25	28	12	17	23	19	20	22	28	17	19	16	9	32	16	26	19	20	14	37	23	30	18	18	21	28	26	22	25	27	23	24	24	30	27	39	30	16	15	26	44	22	53	39	38	47	36	44	28	24
MAN2A2	54	48	34	65	35	40	43	51	43	59	51	38	49	29	18	41	59	71	67	49	61	54	45	52	53	57	72	51	63	53	43	64	38	47	52	57	56	75	57	47	41	54	43	51	93	59	52	79	67	55	48	39
MAOB	61	58	39	39	50	35	33	36	41	39	66	61	85	73	54	56	59	44	48	48	59	37	54	66	48	72	69	53	62	52	65	59	42	43	59	50	91	77	70	60	73	79	67	71	85	55	66	79	56	96	106	70
MAP3K6	31	35	28	33	38	37	42	26	27	35	37	35	42	17	10	36	45	40	40	41	39	32	40	32	34	40	42	41	31	43	43	46	51	27	46	34	27	33	27	27	34	50	44	28	74	37	44	48	57	44	36	29
MAPK13	17	20	5	7	11	14	7	18	2	8	10	5	12	5	7	15	14	16	12	11	16	9	7	7	18	15	11	13	8	13	11	12	6	10	5	9	16	13	20	7	13	14	8	13	12	9	12	11	7	18	18	22
MARCH5	145	123	170	174	171	130	116	83	110	144	171	134	171	366	330	118	128	183	158	159	147	113	146	201	146	174	186	154	142	179	139	139	175	133	145	126	168	174	177	202	216	168	171	149	206	167	220	199	144	265	265	210
MARCH7	264	256	262	347	315	295	262	149	250	330	266	336	333	171	134	323	364	362	333	349	397	381	330	279	253	261	402	344	319	381	357	332	279	305	334	289	287	281	256	251	304	395	386	413	478	420	442	408	352	411	311	300
MBD5	32	42	16	35	48	35	32	35	23	25	40	34	36	32	49	24	32	24	40	40	35	26	31	49	45	30	35	31	21	37	27	37	34	26	25	20	17	31	33	29	41	33	36	42	49	53	43	42	28	52	37	36
MCM5	68	63	38	59	43	37	28	56	52	57	69	66	57	44	29	70	77	62	60	48	59	45	69	69	47	62	58	69	62	69	85	78	61	41	84	57	53	83	57	58	78	59	73	68	105	81	109	87	106	104	57	67
MCU	21	16	12	19	15	16	10	11	16	23	12	6	20	0	4	16	18	19	16	20	27	19	16	17	13	22	22	27	22	13	17	19	23	21	16	21	11	15	8	10	17	20	13	14	22	28	20	25	14	16	8	11
MCUB	80	105	98	113	104	81	81	48	60	92	107	99	104	134	106	95	91	108	121	90	105	81	85	102	63	100	129	108	103	104	120	109	87	85	104	80	104	118	122	135	140	129	152	149	137	142	180	134	105	180	190	133
ME1	649	640	676	822	742	617	509	362	423	643	786	763	748	922	1031	556	726	624	728	644	603	558	671	689	548	690	789	693	623	777	735	664	673	501	675	511	661	699	661	888	1038	771	911	772	645	586	805	623	525	961	934	853
MECOM	24	17	5	14	11	10	9	4	8	6	11	17	18	4	5	15	17	23	10	12	11	10	10	24	11	25	17	19	15	18	14	10	20	10	15	11	6	13	16	9	32	20	14	24	44	12	31	14	11	23	11	14
MED15	6	7	10	10	17	8	10	6	9	10	20	11	5	8	10	10	11	4	18	11	24	15	8	10	12	18	14	20	8	10	16	16	14	11	7	3	5	10	9	7	7	12	9	12	19	26	21	9	6	18	14	9
MED17	24	33	18	29	23	37	22	13	23	26	20	14	22	14	5	28	34	32	28	17	28	34	38	28	23	27	42	32	21	22	31	35	26	16	21	29	8	28	22	12	32	26	39	21	26	29	26	21	31	32	20	36
MET	23	21	28	38	18	14	30	22	13	17	28	24	32	23	19	17	34	27	26	32	34	34	21	20	16	27	37	20	29	32	27	39	32	25	24	18	28	44	26	23	30	29	35	35	38	45	48	40	27	59	35	37
MFGE8	50	41	47	39	36	39	42	36	35	49	51	61	64	39	50	45	61	48	52	44	71	42	56	46	44	55	74	72	56	60	41	65	60	29	60	64	57	47	59	36	54	72	84	71	108	89	87	98	82	83	63	60
MFSD12	18	21	13	21	19	18	15	25	13	25	19	17	26	9	9	17	27	24	17	16	22	24	22	16	11	18	25	16	13	21	14	13	25	14	21	20	20	14	13	16	16	24	16	25	24	22	29	26	19	10	20	21
MFSD9	49	57	55	74	52	52	46	45	38	51	79	57	77	37	41	43	82	65	64	65	58	57	60	77	48	44	90	71	60	58	62	64	61	57	55	47	61	84	68	58	67	54	87	81	69	78	81	73	53	97	82	69
MICU2	48	52	56	59	45	55	39	25	34	46	68	45	65	122	110	49	53	32	66	48	43	63	62	62	70	57	72	65	76	92	56	76	85	36	30	32	43	60	45	61	93	70	89	50	86	77	98	71	57	107	89	77
MIPOL1	63	67	54	78	55	62	57	67	48	54	76	65	62	56	80	56	61	47	74	84	68	56	51	74	65	72	86	63	75	91	74	82	55	55	54	44	65	81	61	64	74	67	70	75	121	117	110	86	92	93	97	90
MITD1	16	26	12	18	19	19	25	31	21	12	21	21	20	10	10	24	41	24	19	26	31	17	25	15	10	21	37	29	19	27	13	22	10	15	29	36	20	21	17	8	15	26	23	36	55	22	9	27	28	12	15	14
MKI67	35	49	32	53	46	46	40	45	18	35	62	42	50	69	43	40	50	51	34	37	39	51	30	66	40	44	73	51	42	56	54	48	40	43	48	43	44	56	59	45	51	51	65	42	62	29	21	48	37	74	44	51
MKNK1	34	36	20	23	22	26	19	28	21	15	31	25	29	11	14	17	27	34	14	22	12	28	37	28	20	37	25	22	23	21	25	30	26	26	19	38	14	29	27	18	26	26	22	33	19	17	13	21	34	25	22	28
MKRN2OS	33	53	36	57	34	43	34	32	25	40	41	44	47	37	28	53	46	48	51	40	34	53	55	44	38	53	47	44	44	39	42	54	55	41	58	45	55	77	73	41	50	66	71	61	109	68	85	79	92	71	58	68
MMP17	27	20	14	35	19	21	13	16	11	22	24	23	17	14	9	23	26	15	20	16	27	23	26	12	23	22	29	23	22	23	18	22	23	14	30	17	14	25	17	9	15	15	23	27	37	17	28	25	39	37	18	20
MOB1B	124	147	91	93	118	116	92	77	80	120	121	123	101	120	103	114	102	120	156	105	140	90	103	134	129	136	160	132	140	136	152	165	111	133	123	85	91	141	173	101	126	116	166	154	189	217	217	144	133	192	189	161
MPLKIP	71	75	55	69	54	58	51	30	57	34	79	78	79	27	29	55	82	90	55	56	75	57	67	64	46	75	73	78	66	92	92	93	52	59	68	47	56	98	57	85	87	135	76	99	88	71	54	77	69	72	57	74
MPZL3	47	51	32	47	47	44	31	41	33	41	43	50	43	43	34	51	57	54	53	54	47	45	43	48	35	50	49	45	57	54	46	50	58	44	53	31	63	55	41	43	50	67	66	61	83	67	70	51	44	64	71	52
MRPL44	43	50	32	66	37	33	39	27	35	25	47	45	50	35	27	52	64	50	44	48	50	46	44	41	37	48	55	64	61	48	48	69	36	35	40	37	53	70	58	34	45	63	62	46	104	61	41	51	58	72	45	49
MRPL46	162	179	172	190	177	193	150	161	131	167	205	223	210	208	237	210	233	191	238	217	206	162	177	222	161	225	251	210	240	238	239	235	250	167	216	159	276	302	229	176	229	255	279	267	437	314	307	322	238	380	319	282
MRPS17	118	146	82	107	88	87	53	76	75	78	117	103	128	103	99	122	133	138	113	106	146	100	90	118	77	101	143	121	144	107	137	180	121	89	148	99	158	206	126	117	114	113	155	142	271	171	146	162	129	164	147	165
MTMR11	40	35	14	25	22	23	11	22	13	12	21	31	30	14	18	28	33	13	22	22	26	17	27	31	20	19	35	38	14	31	21	28	23	21	22	25	16	39	26	27	25	32	35	38	48	21	40	15	20	30	28	34
MTRNR2L9	32	41	21	31	11	11	12	18	16	16	22	20	20	93	110	18	25	29	13	25	22	19	15	31	29	27	45	29	10	19	17	26	38	14	12	15	33	18	24	49	33	17	25	29	22	13	32	29	14	23	21	26
MXI1	323	325	247	278	301	266	212	211	219	256	260	250	289	194	161	301	354	292	335	308	279	270	288	280	235	286	328	287	311	280	339	326	292	234	336	280	286	299	287	292	274	311	377	373	463	352	364	446	365	356	322	336
MYO1C	1011	1121	683	995	874	864	652	965	604	844	977	887	941	620	577	860	967	985	937	952	988	859	880	957	798	941	1136	947	873	985	1034	1146	868	745	1026	724	900	1029	977	804	993	981	1102	1115	1353	1139	1145	1109	922	1234	1017	1079
MYOF	541	548	379	505	392	390	343	453	306	351	528	452	540	378	348	452	586	500	446	432	522	463	433	515	384	531	554	541	507	542	525	616	468	380	541	411	486	591	526	436	592	612	730	580	714	626	646	608	628	691	590	586
NACC2	46	53	42	68	48	46	37	52	31	61	44	57	62	43	35	53	62	61	58	46	66	54	66	61	55	60	84	63	39	57	53	54	63	49	47	48	36	38	60	40	64	57	77	68	79	61	84	63	89	79	85	69
NCAPD3	21	17	19	17	13	13	11	17	8	13	18	10	11	11	7	22	27	14	8	26	20	19	9	9	9	13	34	18	12	18	19	26	11	21	15	12	18	23	21	8	19	8	17	19	28	20	22	18	13	28	25	20
NCAPG	23	32	17	27	13	30	10	15	19	13	22	19	19	41	40	12	18	14	11	15	18	23	13	31	17	26	34	24	24	18	21	34	23	22	26	12	28	38	28	21	36	20	19	18	15	21	28	33	16	32	30	22
NCEH1	50	56	37	50	26	33	25	59	30	35	55	45	62	41	36	58	50	40	55	42	46	45	35	36	43	47	48	54	41	48	36	54	31	28	37	32	41	51	45	41	51	57	69	38	61	60	71	47	51	61	52	63
NCF2	9	22	11	19	18	11	9	15	11	14	15	16	17	15	22	17	16	14	14	21	17	15	6	19	23	19	24	20	10	18	11	29	17	13	19	10	18	16	18	19	18	32	17	19	17	5	8	15	13	22	29	27
NECAB3	56	59	53	71	48	41	36	30	58	36	74	43	57	20	10	65	66	67	38	57	62	61	56	47	30	61	49	56	52	56	56	71	41	29	45	64	42	63	34	42	41	54	62	62	87	52	47	93	72	40	42	50
NEDD1	155	207	93	110	115	121	73	135	80	100	126	79	128	185	162	73	95	93	98	100	132	73	95	127	122	135	145	132	105	78	137	136	117	88	92	94	109	153	117	107	117	68	111	116	140	132	173	125	93	148	128	176
NEDD4	266	327	187	220	195	165	163	149	153	193	251	184	239	192	172	205	224	241	163	216	223	166	199	231	169	256	346	272	227	218	260	264	207	161	238	177	237	285	215	241	254	189	229	238	219	226	187	193	156	244	225	223
NINL	18	38	54	52	41	22	35	13	15	27	33	41	46	85	128	25	31	28	54	34	37	37	28	45	38	51	49	32	31	43	36	22	42	26	29	26	28	38	24	60	46	40	47	31	28	29	55	42	35	72	50	53
NLK	38	34	11	20	19	10	10	9	21	14	17	12	17	10	1	17	22	23	9	22	34	25	17	12	14	23	24	21	16	15	14	26	20	18	28	19	18	15	27	12	13	13	21	28	25	40	28	19	34	21	12	11
NME4	36	42	29	33	29	33	18	67	36	30	42	25	35	6	8	29	53	39	25	45	43	51	40	32	24	39	44	34	26	24	26	55	25	32	37	37	34	48	46	22	36	38	35	36	62	38	33	57	38	36	25	28
NOC3L	43	62	35	61	55	60	57	36	24	36	51	60	52	56	74	50	57	52	70	42	72	39	56	58	54	57	61	64	58	78	65	63	58	38	46	48	59	60	51	68	62	58	69	73	84	94	93	60	75	96	82	63
NPIPA1	44	50	62	68	74	55	41	64	63	65	50	81	91	79	63	53	55	49	69	53	60	50	65	79	44	70	66	49	56	73	53	54	45	44	100	65	49	64	78	43	60	91	65	93	68	95	96	91	86	81	91	53
NRARP	91	111	66	103	98	90	62	68	90	74	102	78	88	41	27	96	136	112	89	98	114	122	91	110	73	80	125	103	102	129	103	139	83	71	123	98	75	114	90	81	94	115	122	128	169	147	86	124	134	87	65	84
NSUN5	61	63	32	50	47	40	30	52	28	28	46	61	51	36	32	47	51	40	47	50	56	46	49	39	45	54	73	59	47	54	44	58	30	28	36	36	35	61	31	42	52	39	58	45	61	59	53	57	41	61	39	41
NTSR1	44	64	34	40	48	30	36	52	31	34	40	52	51	20	18	50	35	45	62	48	42	32	39	63	45	44	49	38	29	41	39	52	49	42	38	26	38	39	52	43	45	43	50	37	70	80	75	37	53	76	55	55
NUDT18	14	16	9	12	25	5	15	35	9	15	17	25	27	8	7	20	18	18	12	13	19	8	18	13	16	20	18	16	21	13	14	27	8	15	23	22	12	25	20	10	16	14	26	28	22	17	16	32	39	22	25	18
NUP155	163	161	108	163	147	117	127	67	79	121	173	135	171	125	126	110	158	143	153	147	123	134	118	131	118	167	163	146	131	142	146	147	132	100	131	137	159	146	158	159	183	144	174	187	146	179	205	169	127	206	170	169
NUP35	92	119	83	121	72	56	73	68	48	89	99	87	106	50	45	81	124	93	102	106	98	100	105	94	57	93	113	102	71	88	116	93	88	79	89	97	104	92	95	73	109	88	107	100	81	104	121	130	109	93	94	84
NUP98	37	50	35	67	45	50	37	28	31	43	45	43	60	81	67	43	58	57	64	44	41	63	45	58	53	55	38	69	49	64	63	56	52	43	29	30	39	41	53	57	64	63	51	61	66	65	58	43	47	75	73	53
OLFM2	9	15	14	11	11	12	6	20	9	9	15	18	22	12	14	20	16	15	5	18	20	9	17	21	11	18	15	17	18	15	22	22	15	9	12	8	17	19	21	11	19	18	19	11	27	7	18	21	12	25	29	18
OPA1	27	24	18	23	25	30	26	12	14	12	23	28	14	25	17	21	30	26	32	16	16	28	20	21	20	22	23	36	30	22	28	27	37	24	20	13	17	22	24	20	21	20	24	37	21	28	30	48	20	41	32	31
OPLAH	32	42	27	35	20	26	37	16	30	35	37	37	29	14	14	21	36	29	42	26	40	39	28	44	29	51	38	42	23	31	36	38	46	38	32	42	26	39	23	16	37	45	42	42	45	51	40	26	54	38	25	34
ORAI2	61	54	30	39	35	53	38	72	33	47	46	44	50	40	42	39	46	40	64	41	51	47	34	55	56	57	76	40	34	44	58	41	44	38	40	31	38	63	50	41	57	55	50	59	60	44	73	48	43	58	66	42
OSCP1	28	20	21	16	15	25	13	15	16	30	23	34	27	24	19	22	22	18	17	24	26	20	31	20	21	26	26	18	15	20	31	30	23	19	23	27	22	33	27	22	28	32	32	35	47	40	54	32	55	33	41	34
OXSR1	15	37	20	34	30	21	19	31	21	17	29	30	31	17	26	38	32	31	29	25	34	19	26	33	18	24	25	28	22	32	37	25	32	23	23	18	31	27	40	22	32	21	44	26	46	48	34	28	29	70	43	30
PACS2	136	136	104	173	153	170	161	64	110	176	164	155	162	108	86	131	168	137	160	142	156	172	179	148	121	166	197	170	120	188	149	160	141	154	128	149	131	153	136	139	171	171	187	170	149	164	181	169	161	145	145	141
PAFAH2	47	39	30	38	40	30	31	33	34	37	44	35	43	19	17	34	41	44	43	40	54	43	46	34	27	39	37	39	46	34	45	54	32	39	37	34	28	42	40	31	52	36	52	42	55	50	46	63	50	46	35	33
PAIP2B	92	69	47	75	69	62	52	73	59	94	72	68	74	70	51	69	88	91	82	79	92	90	86	75	61	65	76	80	88	77	108	85	101	60	92	68	61	101	99	68	80	93	85	105	162	110	113	127	93	106	88	90
PEX12	16	19	16	24	12	18	15	17	13	25	18	13	27	13	7	13	18	14	25	16	22	15	14	15	13	11	25	21	18	16	15	30	19	20	21	26	13	24	13	14	21	13	17	18	36	25	15	24	21	27	16	16
PHF19	24	25	12	17	12	9	7	21	7	14	19	10	23	3	1	23	26	20	22	18	17	13	11	17	14	19	30	19	16	11	12	19	13	10	12	6	13	18	15	15	9	17	18	6	31	21	7	14	6	7	13	13
PHF3	711	676	625	838	741	680	619	615	453	715	727	679	733	685	606	648	826	711	873	815	851	727	819	741	562	748	852	701	784	871	811	890	794	654	817	687	712	805	804	692	669	821	919	971	1104	727	726	1119	998	1047	780	909
PHF6	50	63	55	48	49	32	39	37	42	49	44	47	49	14	20	48	73	61	34	51	53	61	55	61	40	59	74	54	60	55	62	55	38	51	63	61	41	39	71	31	44	49	56	65	75	71	59	81	57	57	42	37
PHPT1	64	57	37	57	52	52	29	54	48	45	58	53	52	29	35	70	78	49	62	50	71	58	64	68	50	67	72	53	46	74	67	73	46	35	51	66	47	44	53	48	47	40	61	50	73	70	56	86	69	72	44	51
PIK3C2B	13	19	10	12	8	10	14	12	11	16	17	12	10	11	2	24	15	9	14	14	17	18	5	16	9	20	19	10	12	14	13	23	14	19	9	5	14	14	18	14	13	14	11	29	17	29	13	16	10	16	15	23
PIK3CA	39	43	32	39	35	28	27	30	35	44	41	33	38	17	9	39	47	51	30	46	54	30	35	32	30	33	62	44	45	46	39	55	42	29	70	37	38	50	46	31	31	38	46	27	57	37	39	57	45	42	35	35
PLEKHA1	14	21	17	20	17	15	14	11	7	10	17	22	11	11	26	13	18	14	25	21	12	13	16	19	16	19	18	12	20	20	18	22	19	15	21	12	20	16	15	27	23	14	16	19	22	20	22	19	11	22	29	20
PLEKHS1	18	16	13	17	15	17	13	11	9	7	17	11	25	15	8	17	11	10	13	16	9	11	14	17	20	23	15	36	23	15	16	12	19	21	19	16	18	15	27	18	30	16	14	19	14	13	22	7	13	24	29	34
PLGRKT	66	55	57	69	44	45	51	24	42	37	67	48	85	64	74	58	66	66	40	62	63	56	49	64	56	61	68	62	51	54	79	75	60	46	63	44	60	77	58	59	62	62	68	74	98	59	65	89	65	105	63	60
PLK4	14	16	19	25	16	15	14	11	11	9	18	17	18	18	13	21	18	11	14	17	28	13	13	20	11	13	21	21	10	31	24	20	19	5	17	9	18	24	17	14	29	23	12	18	13	20	19	15	25	24	33	19
PLOD1	117	121	71	117	94	98	87	87	99	102	104	108	110	48	44	94	133	122	102	99	142	136	128	98	102	120	145	129	86	116	126	123	109	114	125	98	103	118	105	61	84	133	126	101	149	113	101	144	118	100	94	98
PLPP1	97	97	63	82	77	64	57	72	61	45	80	73	81	64	57	62	79	80	63	79	86	53	71	69	57	69	100	68	81	80	81	109	74	52	85	62	71	89	66	73	95	103	97	130	132	94	81	101	82	87	74	84
PLXND1	633	614	383	581	425	475	373	350	346	403	585	565	635	330	339	467	579	472	529	478	521	454	514	576	448	640	646	643	504	564	603	611	394	399	540	458	473	575	545	479	658	563	587	657	632	532	576	567	512	662	566	603
POLE4	414	465	315	412	342	328	291	421	283	336	414	355	413	561	570	348	424	415	423	409	419	340	371	417	337	381	448	412	406	444	472	472	421	326	370	330	403	491	481	385	441	405	517	441	772	549	588	487	455	683	546	533
POLR2D	47	39	91	70	66	51	42	17	28	48	63	69	70	107	137	45	73	49	90	65	62	56	57	86	60	85	73	65	62	55	47	54	64	40	39	38	56	48	65	81	106	53	63	58	72	65	103	79	67	99	92	68
PPARG	207	213	174	206	176	194	178	95	105	217	211	207	235	317	312	149	188	180	235	168	197	164	173	223	187	201	242	206	204	217	198	184	218	152	219	148	224	222	240	235	284	223	220	214	231	261	309	245	185	356	349	288
PPFIA4	13	7	10	16	17	16	14	13	9	28	20	11	5	15	15	6	9	15	20	9	21	16	20	8	15	13	16	12	7	20	12	11	18	12	12	6	11	5	8	12	6	10	9	12	17	21	18	18	19	14	17	9
PPM1K	157	189	124	209	145	139	136	162	108	152	150	150	193	112	110	189	238	159	184	171	161	163	159	166	120	157	175	170	204	214	180	211	170	171	190	179	164	200	191	147	159	222	222	206	306	314	313	330	276	252	161	173
PPP1R9A	11	15	8	16	10	20	18	15	6	8	16	11	11	4	4	12	13	10	10	13	17	7	9	9	11	13	10	12	11	14	21	19	10	15	8	8	11	8	12	10	12	12	9	16	16	10	6	14	9	11	3	22
PPP2R3C	21	11	21	29	15	20	20	8	16	8	23	27	26	19	20	25	29	20	20	23	27	28	13	16	16	18	31	35	13	25	30	13	21	14	24	21	23	25	18	25	23	12	15	31	39	13	27	28	15	28	30	31
PRAF2	150	146	157	216	161	149	129	155	148	152	193	196	183	144	144	166	216	165	195	146	198	210	181	201	128	209	209	200	180	185	172	218	201	166	189	206	191	227	228	146	176	232	268	235	308	239	267	278	249	283	221	226
PRKAR1B	22	34	39	39	17	19	23	31	19	29	27	26	25	29	18	40	31	29	41	26	41	36	28	37	18	25	31	30	20	44	29	23	28	32	17	7	29	40	33	28	56	38	56	44	59	41	42	37	33	77	48	50
PRKAR2A	187	199	223	238	209	187	223	173	123	180	199	199	210	460	436	154	185	194	233	195	189	174	211	243	178	277	246	261	139	186	236	209	286	170	167	144	165	204	270	288	313	180	249	214	218	237	334	243	215	349	362	283
PRKD2	23	29	25	28	27	32	24	11	26	37	35	31	36	23	9	21	21	35	25	38	20	28	33	30	20	22	38	29	31	27	37	21	18	27	36	22	11	25	16	25	24	36	34	29	41	30	39	32	29	28	29	30
PRMT9	23	25	11	9	11	13	7	19	23	15	15	14	16	0	3	12	21	20	11	24	17	17	22	21	21	10	19	25	24	10	19	29	7	8	17	14	15	17	18	13	21	15	25	13	31	19	14	21	26	10	10	14
PROM2	184	196	145	164	131	131	104	158	113	147	153	166	192	85	85	163	188	158	180	154	200	149	163	165	139	171	176	175	143	162	180	182	134	127	153	155	141	182	187	147	189	170	199	193	240	230	230	206	244	188	174	176
PRPS1	17	22	15	12	13	14	8	16	27	5	8	8	12	4	5	15	21	8	13	22	18	13	18	12	11	17	25	25	10	16	16	31	12	9	27	20	12	12	12	17	17	17	15	12	48	16	9	24	22	11	13	12
PRRG1	69	67	62	61	61	51	60	39	29	60	66	64	65	81	97	63	61	41	90	56	62	57	59	60	68	82	89	66	49	65	63	58	66	50	53	42	72	65	76	59	62	54	69	69	79	102	101	80	56	108	101	73
PRUNE1	25	17	22	34	33	28	22	21	20	25	27	22	33	10	8	33	30	32	21	28	24	51	26	19	22	17	48	35	27	20	25	47	37	27	32	31	25	31	23	24	15	34	33	39	51	35	35	40	52	44	26	18
PSIP1	18	27	38	36	35	23	24	6	8	21	42	24	20	57	52	15	25	28	38	32	31	18	27	33	22	31	25	19	12	31	28	27	28	18	21	16	22	34	30	41	38	20	28	36	32	45	47	27	29	57	45	26
PTPRA	27	18	18	29	22	25	27	22	23	26	34	17	25	42	27	27	34	37	33	35	29	24	40	30	19	30	25	20	29	23	26	41	26	25	45	33	24	21	25	22	33	30	29	30	48	19	36	44	34	36	43	48
PUS1	112	99	93	150	135	111	81	95	89	126	122	115	122	84	72	104	138	132	134	122	114	137	133	135	94	136	154	127	116	135	129	128	115	105	115	127	93	118	126	90	127	112	143	159	152	96	101	159	131	131	149	142
PXMP2	7	16	9	13	10	10	6	9	9	17	14	7	6	10	4	21	14	11	6	7	5	11	18	15	2	12	16	12	13	15	14	11	13	9	12	15	14	22	13	5	9	21	8	16	25	24	11	22	12	17	9	14
PYCR3	55	80	71	78	47	60	70	56	55	78	63	78	84	67	54	74	106	97	93	85	87	82	102	68	71	84	63	60	75	103	69	98	78	70	96	82	81	84	95	58	80	118	82	135	145	93	130	152	107	116	79	90
RAB24	44	43	29	62	44	53	44	40	35	48	69	55	52	21	32	56	72	60	49	55	73	58	64	55	37	50	72	70	47	70	56	77	41	46	50	72	43	56	52	36	51	52	68	52	75	48	50	62	50	44	36	59
RAB40B	14	16	5	11	6	15	12	14	15	7	14	9	19	2	3	16	16	23	9	20	11	18	28	10	13	9	19	16	13	19	19	24	15	15	17	17	28	17	16	8	16	24	22	13	26	14	20	19	30	12	15	13
RAB6B	20	21	10	23	13	9	17	21	22	29	24	20	18	12	14	16	16	18	18	26	29	23	21	23	14	25	24	23	18	19	15	29	14	21	21	19	34	17	19	18	22	21	25	33	27	19	31	28	24	18	18	30
RAD50	154	180	176	232	211	184	167	138	113	187	228	222	234	243	214	190	198	157	252	219	238	170	190	236	188	215	257	214	248	238	263	232	222	160	175	170	186	243	249	190	234	209	238	241	353	303	342	262	204	416	331	287
RAPH1	427	484	288	423	356	352	323	300	210	368	384	357	358	327	269	331	381	343	448	387	450	355	351	418	358	404	519	427	361	459	478	466	367	325	403	295	363	457	458	414	500	371	478	489	586	615	535	442	408	601	511	472
RASAL2	64	97	53	83	58	64	50	65	39	64	85	78	86	82	87	57	64	53	98	58	68	51	57	68	68	92	85	70	69	76	77	83	50	87	70	50	59	99	87	77	115	74	97	78	89	87	88	78	80	111	116	109
RBM12B	123	137	107	159	140	122	102	124	95	134	151	157	121	123	99	86	153	126	155	105	153	174	142	135	124	132	138	113	156	126	147	134	151	128	90	152	124	168	143	105	141	155	138	166	165	155	192	165	165	187	136	148
RBM7	59	62	53	59	60	41	44	66	54	44	55	57	70	61	40	39	71	54	80	56	66	55	40	65	56	63	79	58	51	63	84	72	48	53	62	41	77	96	73	66	59	49	88	56	106	77	94	73	70	86	103	71
RBMS1	44	42	55	53	50	54	45	30	28	49	68	50	65	68	51	49	51	49	59	64	64	47	50	65	42	50	59	45	42	73	66	62	66	42	49	40	54	59	74	49	75	67	65	67	79	83	78	58	57	91	85	69
REL	164	160	153	196	202	159	153	101	114	177	182	163	167	134	117	150	172	148	203	158	174	160	213	168	143	179	223	156	173	179	169	173	169	138	203	138	156	191	171	165	175	177	172	211	182	236	232	232	199	200	184	182
RELL1	350	435	300	344	342	336	271	221	242	291	365	325	337	423	423	321	294	310	392	304	329	283	324	377	291	342	395	332	352	347	370	327	336	317	332	264	357	406	406	419	489	366	419	368	462	543	577	417	367	506	469	433
RER1	63	45	54	63	62	65	64	86	61	59	54	78	68	26	32	33	61	56	65	39	36	81	66	47	51	83	46	44	42	43	57	53	51	43	71	54	58	63	66	73	59	53	55	51	32	45	73	93	77	45	56	42
RERG	105	104	80	115	85	73	93	52	77	80	90	98	96	55	47	103	153	97	100	95	90	92	90	85	75	75	126	92	102	111	112	134	90	80	106	104	111	111	91	101	112	119	154	106	147	169	162	163	168	102	73	78
RETREG1	186	204	134	199	158	166	153	126	127	179	184	168	186	179	147	160	204	197	198	189	226	180	213	198	134	168	236	158	202	172	202	222	214	218	253	184	231	242	193	153	180	179	268	289	352	313	305	357	277	341	258	229
RFC5	7	14	7	18	12	11	8	10	15	14	6	12	10	3	2	13	17	17	10	10	18	10	14	11	10	18	20	12	13	14	14	15	15	13	21	15	13	13	17	12	7	19	16	12	27	13	15	21	14	12	15	15
RFT1	24	33	20	36	39	31	25	50	23	36	32	36	42	37	33	33	32	35	46	21	44	38	53	37	28	28	41	32	37	52	41	42	22	20	43	36	33	44	47	24	44	64	43	38	80	66	83	70	56	58	45	38
RIT1	144	169	133	178	153	132	118	185	109	114	143	149	159	119	97	141	172	157	145	144	159	140	142	157	134	166	190	179	191	196	182	205	144	123	180	133	154	179	153	120	133	162	169	166	231	171	147	163	127	173	161	161
RNF113A	24	24	20	29	19	18	11	12	28	19	28	13	16	5	5	22	29	20	22	17	28	25	16	12	9	19	26	22	21	16	23	29	10	20	24	29	19	27	14	11	11	32	21	19	55	16	8	27	29	15	15	16
RNF150	20	18	17	23	18	14	19	26	13	29	21	17	24	5	7	12	29	24	23	14	23	20	20	17	6	23	29	22	20	27	19	21	20	23	20	17	18	22	28	14	15	26	20	21	26	29	20	21	30	21	13	16
RNF157	16	15	11	20	15	25	10	14	16	12	22	20	15	13	14	17	21	23	20	16	21	11	17	19	14	16	19	27	13	21	14	17	16	9	12	12	18	25	21	10	27	15	26	22	23	18	40	18	14	24	26	17
RNMT	40	54	18	33	41	30	25	29	20	40	43	26	34	36	27	35	34	46	40	30	43	22	30	25	34	46	44	39	38	31	58	49	28	25	43	25	38	43	55	28	36	30	59	49	63	51	43	36	35	50	41	49
RORA	23	25	13	19	22	21	14	21	17	9	17	21	20	26	22	12	20	16	28	20	19	17	13	23	19	15	38	26	18	28	23	35	24	16	18	13	18	26	28	30	19	18	18	24	25	20	25	22	18	25	28	19
RP2	47	62	23	44	46	32	17	55	21	33	43	41	51	44	34	33	40	37	38	35	48	37	34	31	33	39	47	46	37	34	59	48	35	36	41	26	58	43	45	55	41	43	62	43	66	60	51	49	36	64	43	59
RPE	39	45	37	44	33	25	29	25	52	33	46	35	46	19	15	29	59	48	42	50	49	51	55	45	32	43	67	54	57	51	48	55	27	27	44	53	39	31	44	31	37	60	38	47	77	50	41	61	42	42	29	36
RPRD2	41	34	39	55	34	34	33	35	28	43	40	47	50	33	35	32	55	41	69	41	28	60	57	41	27	46	46	49	41	60	48	36	38	36	49	37	50	32	38	23	45	59	50	57	46	68	52	67	54	75	47	32
RPTOR	34	58	30	52	39	43	47	39	32	54	41	58	53	27	16	34	52	54	47	51	31	47	40	43	48	38	58	52	28	53	42	45	46	34	42	43	32	33	46	31	41	51	48	56	42	29	47	69	63	50	46	48
RRAGD	712	753	424	637	577	592	472	441	437	469	590	507	531	485	395	507	659	621	490	637	632	473	503	605	474	580	836	640	591	584	662	674	554	476	650	540	564	669	592	606	622	571	644	639	763	693	657	645	547	726	572	604
RRM1	23	21	25	31	25	18	15	39	25	15	26	24	32	7	5	32	32	34	20	19	21	30	34	26	22	19	47	33	32	25	21	31	23	26	46	31	16	42	32	21	31	48	38	40	50	27	34	50	41	30	19	25
RRP12	18	17	10	11	10	13	11	19	9	12	18	23	17	21	24	17	18	12	14	26	12	11	17	22	22	9	15	22	18	18	16	23	23	12	14	14	11	21	13	13	24	19	25	18	24	14	28	19	13	29	22	28
RTN4	343	365	211	314	250	268	204	226	160	271	275	253	312	303	316	235	317	278	289	245	281	194	255	271	253	271	363	290	239	329	335	348	293	219	321	247	331	348	357	321	442	379	406	355	414	393	404	371	308	455	438	402
S100A9	41	45	19	50	33	38	25	32	33	34	54	62	72	30	30	13	43	32	38	29	31	37	37	49	50	67	74	57	34	39	45	36	35	26	28	26	49	51	54	46	64	43	39	53	30	24	27	32	23	70	54	62
S100PBP	25	25	33	30	40	26	24	25	23	23	24	32	17	27	20	18	35	29	27	13	26	34	42	23	12	28	25	32	28	27	15	18	15	13	29	16	11	24	15	23	31	30	25	17	28	29	38	35	35	21	17	9
S1PR3	167	163	92	129	125	117	104	89	108	100	171	167	219	76	41	155	179	138	105	135	116	102	115	174	119	163	186	148	136	127	146	171	95	108	113	121	162	162	171	161	169	189	182	172	188	140	109	147	126	177	127	178
SBK1	86	90	53	44	46	33	26	75	54	34	70	43	88	36	29	61	44	52	74	46	73	40	51	79	59	76	83	75	58	66	69	78	33	39	47	47	47	71	60	67	80	49	70	65	84	85	70	69	55	71	77	81
SCAMP3	92	82	81	110	106	87	84	69	77	89	92	78	122	76	72	73	128	96	96	99	80	112	125	85	79	98	128	109	109	102	92	108	83	81	136	90	106	110	101	71	104	109	110	118	131	111	118	133	102	84	77	114
SCPEP1	410	462	333	498	370	351	310	364	313	346	474	409	436	249	248	412	528	486	419	400	393	411	438	382	276	341	522	459	419	473	468	455	383	363	459	427	424	497	463	358	389	508	494	479	531	508	541	602	484	426	420	397
SDHAP2	139	116	84	105	94	96	89	120	93	105	120	105	114	51	37	111	130	101	129	129	156	128	146	115	93	104	142	129	71	136	142	131	117	88	105	91	95	92	101	92	121	131	109	124	162	161	137	145	139	153	89	118
SDK2	15	13	25	16	16	14	13	14	10	10	17	15	26	9	10	13	15	9	22	18	16	18	13	15	14	10	13	20	11	18	19	20	12	5	9	4	19	21	20	12	27	19	16	13	18	14	33	26	12	23	27	25
SDR39U1	182	180	166	223	197	144	156	156	135	166	188	172	192	111	110	199	232	210	213	188	194	180	255	204	162	186	255	181	160	280	208	237	218	192	221	167	174	214	178	176	184	232	240	230	352	300	283	312	253	253	212	214
SEC22A	36	30	23	52	40	38	26	43	36	32	37	43	35	46	37	31	41	48	43	36	25	36	47	34	29	50	52	26	24	32	28	41	52	22	35	41	40	29	36	32	21	34	39	38	30	23	51	50	52	38	37	36
SEMA3F	52	52	42	48	49	45	32	60	30	45	60	61	54	59	69	49	66	49	68	68	53	45	48	50	60	73	76	67	60	55	53	58	56	41	59	25	59	86	74	44	70	88	76	71	88	92	91	62	74	96	85	69
SERINC3	21	21	23	36	31	23	22	33	31	21	21	30	36	7	9	29	29	30	21	30	31	30	35	23	20	33	34	30	40	29	30	39	16	23	31	28	16	43	27	21	16	46	30	22	48	34	35	27	46	30	15	28
SERTAD1	287	323	191	256	250	244	183	274	265	243	294	254	311	144	93	312	327	357	294	276	303	279	296	304	227	280	356	309	327	356	295	414	259	241	358	286	344	384	325	238	283	382	333	395	562	412	382	413	404	349	288	318
SETMAR	24	21	13	21	20	18	17	9	7	20	19	12	20	21	19	9	26	26	32	23	20	19	10	25	8	32	23	30	21	21	36	29	17	22	21	11	21	31	22	19	31	21	31	34	29	34	32	35	30	37	38	30
SFXN2	11	25	12	23	11	17	13	33	15	16	22	22	15	8	19	27	26	13	32	12	26	11	28	21	24	16	15	17	27	17	25	30	23	19	23	31	18	20	21	14	27	27	31	21	58	49	54	51	35	31	30	18
SGCB	7	8	9	6	10	12	8	6	12	7	17	18	21	3	8	18	15	15	12	13	11	12	12	13	8	9	12	21	14	15	11	17	11	15	6	5	16	22	7	8	12	18	25	15	24	19	13	14	12	25	15	12
SGMS1	97	123	63	113	106	88	88	119	66	80	86	106	112	81	49	123	112	125	107	119	132	92	89	101	90	143	140	118	94	113	139	151	76	83	102	89	97	131	119	78	97	120	112	130	173	148	166	130	111	148	111	115
SH3D19	23	34	15	21	13	26	27	14	28	21	22	14	33	9	4	11	24	28	17	16	17	25	17	18	19	22	18	25	25	18	27	22	11	14	37	31	9	15	10	18	31	22	10	26	27	26	24	16	21	31	15	17
SH3YL1	170	161	172	160	132	127	114	83	160	115	179	155	174	110	94	187	232	197	176	191	180	188	178	167	95	141	192	165	196	170	150	201	162	139	219	174	223	208	162	169	167	235	207	187	258	169	177	254	219	148	156	168
SHCBP1	12	18	12	13	15	20	11	11	6	6	8	12	16	16	10	12	14	10	8	14	11	4	14	22	11	21	19	20	14	9	16	12	7	8	18	15	11	28	14	12	16	15	14	17	18	10	8	9	8	13	16	15
SIK3	19	18	9	7	12	13	8	8	12	6	11	12	11	4	3	14	13	13	13	14	13	12	13	13	12	11	25	33	10	11	18	21	2	2	14	6	17	16	13	12	17	16	14	26	22	19	17	15	8	18	10	11
SLC10A7	37	32	25	43	40	20	27	32	24	22	22	31	29	43	16	39	39	17	32	33	41	30	26	24	44	42	50	34	28	39	50	19	24	8	26	23	34	42	32	34	45	32	36	33	36	38	43	36	28	49	33	44
SLC16A7	31	33	12	14	9	18	10	16	11	13	18	19	13	8	6	21	23	17	19	23	17	20	13	21	16	24	34	21	31	15	26	31	10	25	23	13	17	14	20	13	26	23	26	18	20	16	19	21	13	24	21	22
SLC17A5	331	304	212	245	250	237	207	256	185	242	264	230	327	321	270	218	267	269	258	254	258	216	211	261	231	275	327	258	271	281	330	309	288	206	280	195	268	346	304	258	295	323	365	365	476	416	434	323	328	428	364	345
SLC25A4	94	119	128	156	136	142	107	127	86	112	135	119	183	206	192	137	146	152	154	155	132	100	112	140	115	142	147	127	190	158	167	171	124	124	150	124	165	190	177	157	150	160	207	189	261	203	265	194	174	274	208	202
SLC27A2	8	13	4	20	11	15	9	14	2	15	16	14	14	17	4	16	23	26	13	13	9	8	8	19	18	14	9	11	20	19	20	23	7	9	11	7	14	11	14	10	14	19	20	17	34	18	22	21	20	25	30	21
SLC38A7	16	11	18	21	21	25	7	23	10	8	13	22	24	1	3	18	20	23	17	22	25	18	8	16	11	17	32	13	23	14	17	18	20	10	22	12	12	9	10	14	9	14	34	21	29	19	11	25	11	20	11	25
SLC43A2	78	76	70	77	73	54	61	49	58	48	80	87	98	48	34	84	95	89	89	78	92	86	94	94	46	74	109	101	70	91	70	87	83	61	70	81	75	103	71	77	76	113	120	106	133	88	87	162	130	109	67	59
SLC45A4	45	51	19	31	32	35	16	33	40	29	30	24	40	6	11	30	37	40	38	34	62	45	39	38	23	32	45	33	34	39	43	53	29	27	31	54	24	32	32	28	34	33	40	45	44	34	31	43	30	17	18	40
SLC48A1	22	29	25	28	26	20	17	17	42	31	24	20	31	4	10	36	41	40	15	31	27	34	21	32	15	20	31	32	41	31	32	35	30	33	39	29	28	31	23	18	18	53	31	39	46	38	14	43	35	35	20	39
SLCO3A1	32	47	28	30	30	51	10	30	23	30	48	40	46	45	28	32	41	30	27	21	40	31	30	40	35	47	52	56	48	44	40	38	32	31	28	25	41	51	42	29	41	38	41	43	42	51	42	46	33	50	59	33
SLITRK6	57	34	16	47	18	34	34	16	36	44	27	40	43	11	13	42	43	53	33	34	48	35	43	32	27	28	54	39	45	51	29	37	41	31	46	51	32	28	38	48	30	47	44	41	48	42	26	54	28	35	20	28
SMARCC1	83	67	35	51	46	66	37	79	47	45	59	47	54	23	19	66	81	69	51	57	68	50	58	41	48	70	61	64	54	49	74	62	55	47	70	66	68	60	58	53	57	76	68	66	84	96	96	97	87	53	59	68
SMOC2	27	29	26	21	18	28	23	10	15	15	39	26	27	36	30	34	25	18	43	20	27	23	24	39	19	36	27	24	24	24	34	12	27	15	24	8	29	20	30	20	37	40	51	20	46	65	56	45	40	41	45	40
SOAT1	57	65	90	84	79	67	55	62	69	61	96	59	96	68	67	67	99	90	69	76	86	73	90	69	71	69	86	54	100	78	109	88	71	68	107	84	85	111	89	72	74	91	100	86	139	105	123	135	127	130	89	88
SOCS2	12	18	47	47	26	15	22	10	7	22	29	24	35	122	114	14	26	16	29	24	19	22	29	46	49	49	42	37	19	38	29	31	60	26	23	24	30	33	27	72	56	29	25	21	31	29	66	35	25	65	68	53
SP3	284	358	176	258	243	245	166	188	135	219	248	239	232	214	210	191	256	236	219	250	263	177	221	253	243	239	287	284	240	218	299	277	261	199	261	195	235	295	282	206	261	258	280	301	337	338	319	294	225	388	308	306
SP6	25	23	7	15	10	20	14	11	9	11	16	25	15	10	25	16	11	23	16	14	10	16	15	16	8	16	27	18	10	18	16	17	10	16	12	8	17	16	15	16	11	13	16	14	24	13	18	16	11	20	21	18
SPAG5	30	50	27	32	32	31	19	14	7	21	18	11	38	14	27	22	41	34	34	20	21	25	30	28	28	31	42	35	29	30	24	23	25	18	25	14	28	35	26	28	33	41	26	22	37	24	37	29	28	28	31	25
SPC24	16	11	5	13	6	7	9	13	3	10	12	14	11	15	16	28	16	11	10	7	21	9	13	14	10	22	24	13	10	20	14	14	7	4	16	12	10	24	21	23	18	22	10	11	15	12	17	12	9	35	22	16
SPEF2	23	27	22	26	22	25	21	23	23	17	28	22	26	11	24	23	46	29	31	20	19	32	32	26	16	25	23	26	32	19	22	27	29	16	27	19	21	16	17	18	20	20	32	36	26	21	34	56	36	45	33	24
SPG7	88	101	72	82	90	93	68	92	56	84	73	96	98	59	35	83	119	94	105	88	134	91	109	101	82	77	105	93	91	114	105	92	96	81	100	80	80	83	91	80	95	110	103	120	130	120	142	140	129	102	109	95
SPIRE2	104	96	78	128	114	120	123	99	83	110	128	143	129	74	71	118	148	129	137	142	133	149	135	130	101	132	120	114	95	132	145	155	116	128	112	121	110	153	102	97	84	141	140	150	219	170	170	208	169	213	125	164
SRP72	10	12	34	16	10	11	9	6	11	17	25	13	20	56	33	19	13	15	17	19	16	14	15	26	22	24	30	31	5	14	26	12	21	9	9	8	6	7	15	36	18	11	11	5	16	6	23	14	5	23	23	23
SRPK1	135	123	95	109	96	99	78	96	66	82	129	97	127	84	77	90	116	104	104	85	98	81	78	108	82	108	121	138	111	107	113	102	112	91	102	97	92	112	118	97	112	109	138	96	126	105	111	131	97	157	94	123
ST3GAL4	124	126	121	131	132	93	98	135	111	123	147	130	112	83	60	121	154	146	143	144	147	132	163	144	144	145	155	139	157	152	140	147	142	114	142	105	127	128	134	113	128	169	164	148	211	194	180	189	182	141	131	157
ST6GAL1	11	15	7	14	11	7	6	10	10	9	15	15	14	7	18	9	18	14	7	8	4	3	9	17	4	12	14	15	14	14	13	14	18	17	13	7	19	12	18	11	18	11	13	14	16	13	18	10	5	19	18	9
ST8SIA6	87	93	51	103	75	77	62	61	65	62	88	62	92	45	25	101	111	88	70	66	80	83	100	76	46	81	72	82	103	80	78	105	73	66	93	71	105	110	87	70	64	94	85	99	176	177	152	125	146	84	75	87
STARD4	54	42	33	56	63	61	35	53	52	43	53	50	37	36	13	46	53	68	59	63	69	84	66	46	29	40	67	58	43	56	54	81	54	60	55	58	55	56	38	51	48	55	78	70	81	74	74	73	50	78	40	58
STEAP3	31	58	38	45	30	28	54	22	23	30	50	42	53	34	39	28	42	47	58	38	38	25	33	48	32	35	48	38	59	43	43	28	33	27	49	33	59	55	76	39	47	48	60	47	62	40	45	48	33	65	53	54
STON2	126	127	85	137	89	108	98	100	82	97	107	125	119	76	71	102	123	134	110	107	132	112	113	111	115	129	137	106	120	140	146	130	113	115	129	96	128	142	138	134	133	159	159	170	136	120	156	124	95	172	130	129
STRBP	553	670	432	612	552	495	377	396	377	483	573	488	567	473	445	478	584	516	567	569	612	497	510	574	457	559	620	579	556	612	656	718	555	453	574	465	606	557	641	455	564	603	674	666	826	706	742	691	591	779	708	615
STRN	50	64	44	49	57	41	49	48	37	29	53	43	40	13	23	66	57	53	48	54	56	45	41	50	58	44	80	71	69	50	58	60	41	30	49	44	29	56	47	42	62	40	54	57	101	36	47	41	42	44	41	55
SYS1	70	55	65	48	53	58	52	61	47	51	55	42	87	33	36	49	65	83	55	46	57	72	72	50	42	68	74	52	60	81	59	55	63	59	69	71	47	65	35	65	51	72	55	69	55	65	57	83	81	34	34	55
SYTL1	310	301	215	276	292	255	272	234	217	246	318	303	291	151	151	244	342	286	366	273	357	289	356	316	243	303	327	307	261	290	356	302	266	243	308	236	307	323	272	226	282	308	344	337	433	383	361	407	371	359	279	269
TACC1	37	33	7	25	28	15	13	32	8	14	25	27	27	14	8	39	32	25	14	25	21	24	10	26	22	26	37	27	24	20	23	33	27	13	27	18	26	41	25	17	23	23	36	34	27	25	18	29	18	29	25	33
TACC3	28	36	26	40	34	30	27	34	14	24	21	37	28	42	38	36	36	29	39	25	32	27	30	35	36	28	49	35	40	36	33	44	34	25	39	30	38	37	49	32	31	48	32	44	42	26	30	33	25	45	30	44
TARS	15	13	7	14	10	5	12	13	9	12	20	14	23	16	6	17	22	14	12	24	10	10	13	16	12	21	23	15	11	21	21	19	19	7	19	9	3	10	23	14	17	21	16	12	17	10	12	15	8	23	21	17
TBC1D12	9	13	20	21	17	12	10	9	13	16	19	17	16	5	8	23	26	30	16	18	18	19	23	20	7	22	15	24	22	22	17	20	9	12	18	17	11	15	22	9	14	23	21	18	34	23	16	30	28	34	14	22
TBC1D3H	57	56	21	41	36	33	31	51	27	20	23	30	29	14	10	38	33	29	32	31	48	34	24	43	38	34	38	60	42	36	38	35	33	32	34	24	28	34	51	24	42	32	33	28	26	39	34	32	23	24	21	27
TCTA	20	31	26	24	20	26	20	19	14	20	26	24	33	34	34	16	19	20	33	26	23	15	16	16	25	35	27	16	32	21	17	32	20	19	23	8	19	24	35	22	18	25	24	13	26	40	29	21	29	31	32	13
TEDC2	14	14	10	9	16	12	5	4	6	10	14	11	23	6	6	12	15	13	7	7	9	15	17	18	10	10	26	12	10	14	14	13	13	9	17	17	17	13	8	5	9	16	15	15	15	12	20	20	21	19	10	16
TEX14	69	71	82	72	72	67	66	40	33	75	87	104	101	122	150	57	76	63	120	67	96	41	90	95	85	99	84	92	56	91	82	82	70	43	54	36	52	70	90	90	159	88	93	84	99	93	153	78	95	151	151	120
TGFBR2	137	146	102	130	102	126	104	120	76	118	149	136	169	164	144	110	134	121	127	110	141	106	118	137	120	155	163	134	139	99	150	159	120	114	130	104	133	178	172	115	177	124	144	155	172	209	213	146	132	173	186	178
THBD	41	57	45	48	40	49	36	21	34	41	76	64	87	38	57	44	61	50	68	52	47	41	55	55	45	61	64	76	66	58	49	65	71	50	51	64	77	65	62	73	73	74	72	50	58	83	62	57	35	111	95	78
TMEM104	8	14	15	19	13	18	16	7	7	12	20	16	8	6	8	9	14	8	13	10	10	12	10	11	18	21	10	18	9	20	19	12	13	9	9	8	10	20	10	8	14	21	17	14	14	21	20	19	7	20	13	15
TMEM126B	219	263	246	230	225	199	170	127	216	199	264	246	300	218	192	211	258	276	210	247	242	206	206	273	172	230	277	243	261	228	251	285	214	151	272	184	245	278	217	314	309	304	290	260	313	258	259	285	197	298	227	265
PACC1	14	11	10	17	7	9	13	14	0	4	13	18	7	9	22	10	8	10	17	9	23	7	16	12	17	16	13	10	8	29	24	5	11	11	9	10	12	11	9	15	18	6	12	14	12	25	30	16	6	13	28	18
TMEM99	41	36	19	37	11	31	23	35	37	25	33	21	43	9	13	40	41	50	23	26	31	44	37	45	33	35	24	48	49	34	42	52	39	17	45	46	27	37	37	27	41	47	41	40	50	66	30	56	51	53	28	46
TMTC1	23	27	13	29	11	11	18	13	8	10	22	28	34	17	22	21	20	22	20	14	12	23	15	25	18	27	22	31	30	15	21	12	10	14	21	12	19	24	26	29	32	13	30	29	21	26	28	17	19	45	41	20
TNPO3	35	32	31	41	32	24	22	30	32	22	43	30	35	42	48	25	38	26	29	31	31	21	29	38	44	47	47	47	34	46	33	41	32	28	28	29	27	39	50	47	29	30	25	25	30	38	45	29	24	68	47	43
TP53I3	33	28	17	36	25	17	21	30	22	19	41	22	22	12	12	28	26	20	23	23	33	24	17	30	26	31	48	29	16	32	36	27	30	22	28	23	25	32	21	16	28	38	31	33	36	36	32	22	20	25	35	34
TPP2	219	224	150	196	158	162	114	145	129	155	189	176	191	139	133	150	177	172	139	170	170	145	149	183	126	167	162	199	192	174	204	215	176	152	191	139	178	243	174	153	188	158	205	212	330	271	234	238	173	240	209	250
TRAM1	85	109	92	91	82	72	51	62	61	65	93	79	88	116	120	78	69	83	66	93	71	79	71	88	91	110	131	103	71	83	87	105	135	68	81	62	65	81	72	110	108	61	37	48	91	63	71	68	38	120	90	92
TRAPPC9	16	11	10	12	12	6	5	4	13	5	12	12	15	4	6	8	13	18	13	13	10	7	10	14	12	9	21	10	15	4	17	20	12	12	8	10	4	12	11	8	9	17	13	24	19	14	14	11	9	17	10	18
TRIB1	288	329	219	335	270	293	216	180	244	304	335	350	302	150	112	306	355	373	285	320	345	294	353	303	258	287	370	339	387	367	402	405	313	257	414	312	363	395	324	283	315	358	416	406	530	462	459	478	401	418	350	361
TRIP10	286	318	194	276	235	245	197	302	149	258	258	249	291	241	200	214	227	209	283	260	284	220	235	310	244	321	305	273	258	272	312	304	237	210	252	221	267	302	270	249	279	264	312	303	376	344	326	289	218	348	329	318
TSEN54	42	71	54	72	56	60	49	90	53	47	54	70	74	54	60	69	81	61	78	53	81	53	53	82	46	55	77	61	78	82	68	103	68	51	63	59	56	86	71	60	62	107	93	101	137	100	98	105	64	99	59	81
TSFM	271	269	230	288	229	201	236	298	191	216	260	289	303	127	99	236	334	280	264	240	289	289	279	236	179	248	298	245	323	236	270	263	230	206	260	255	278	302	241	202	226	311	356	317	403	334	327	372	356	240	202	278
TSPAN14	69	72	43	42	36	38	21	57	53	30	54	43	73	36	14	51	66	87	48	56	47	46	44	58	34	50	88	78	57	62	59	96	34	34	76	40	78	81	69	50	61	76	66	87	117	49	34	56	44	72	55	44
TTC3	139	172	115	170	134	139	129	124	97	125	153	135	162	124	94	108	153	135	154	147	151	140	146	125	127	129	158	135	135	155	158	173	134	127	146	135	135	149	136	130	126	118	156	159	170	189	220	201	204	201	139	178
TTC32	16	26	12	25	21	13	17	19	24	16	19	25	14	7	2	14	18	27	17	26	26	27	24	12	15	19	24	22	22	23	20	20	13	11	29	21	20	28	28	16	21	25	33	33	32	33	23	34	22	15	11	18
TUBA1B	279	285	195	221	180	175	151	134	178	150	232	192	279	174	165	236	256	243	195	249	244	184	221	237	180	270	340	286	305	260	236	289	195	169	243	193	238	292	271	220	261	232	256	224	262	234	221	222	185	226	182	213
TWF1	16	30	31	40	38	24	31	26	26	36	26	30	36	12	24	19	32	24	29	31	29	35	32	34	21	27	24	20	36	23	29	24	28	24	14	24	39	32	28	25	24	44	26	37	36	19	27	40	48	21	27	18
TYMSOS	12	18	8	12	6	10	4	16	12	16	10	8	13	3	1	10	7	15	10	21	16	8	18	23	5	14	18	11	10	15	12	16	14	3	22	12	6	10	11	8	7	5	13	9	32	21	12	22	19	16	8	9
UBA5	384	415	330	389	320	307	240	273	248	307	373	358	395	252	215	337	410	401	394	344	406	313	380	349	267	337	380	344	367	357	369	412	340	300	401	360	376	417	367	357	412	435	514	447	610	459	443	599	466	516	401	401
UFL1	60	53	37	56	47	50	37	31	47	41	43	31	55	25	17	51	76	67	42	48	55	60	66	41	33	42	72	43	52	54	65	65	32	40	43	46	46	48	44	40	58	46	67	51	68	45	43	70	63	42	45	35
UGCG	457	606	445	539	451	467	402	404	318	466	573	521	599	592	555	436	506	489	516	526	520	413	503	520	426	542	637	532	477	549	611	585	545	445	512	384	551	647	614	480	643	546	592	605	705	760	821	588	614	765	727	715
UGT1A6	18	17	21	29	18	26	17	7	11	23	37	17	35	20	26	20	12	13	24	22	26	14	16	17	21	40	25	23	21	17	22	8	15	11	13	10	17	14	33	29	36	23	22	14	19	20	37	19	19	40	32	23
UNC5A	17	26	15	22	9	18	12	11	14	9	22	24	21	16	28	17	23	17	18	23	24	16	13	17	17	19	41	22	18	17	21	21	22	11	24	13	29	26	25	27	20	13	31	17	13	25	40	36	17	33	30	36
URGCP-MRPS24	163	175	144	194	161	129	140	203	103	130	172	174	206	189	156	162	169	165	207	165	190	160	153	186	146	179	218	223	185	221	182	196	169	162	173	128	191	229	212	160	172	191	223	214	298	260	294	224	225	283	278	248
VAV3	243	351	183	254	216	184	145	137	162	179	240	219	265	210	198	208	262	215	242	218	261	186	172	199	199	234	292	281	271	223	241	257	220	174	238	193	260	298	291	222	303	284	288	278	417	380	377	320	282	338	303	315
VBP1	40	41	34	53	51	39	40	34	26	42	42	56	50	23	17	43	54	58	31	60	52	45	55	40	32	44	60	41	57	71	45	53	55	44	49	54	30	58	49	32	40	55	45	39	59	59	40	47	63	54	49	40
VPS54	265	313	274	373	296	291	231	184	220	291	343	335	322	170	194	297	386	317	359	324	318	304	350	346	238	300	369	338	335	377	363	357	318	293	357	309	315	377	354	307	377	373	424	431	441	467	466	474	486	441	440	392
WDR45	94	69	75	96	86	85	76	76	85	80	120	81	99	52	46	74	101	97	121	84	91	85	88	98	79	98	106	87	106	75	86	86	77	87	91	78	82	92	75	61	97	101	99	102	119	118	129	135	122	112	100	93
WDR7	17	13	16	18	14	19	13	11	15	9	25	14	28	13	11	18	15	20	13	19	23	18	22	19	18	16	19	18	10	18	18	30	12	17	21	21	15	17	15	17	13	27	15	22	30	27	18	29	29	19	12	19
WRAP53	28	39	19	32	23	28	20	28	26	24	29	28	24	21	23	29	21	28	35	18	38	38	39	30	27	31	27	41	31	40	33	44	26	28	33	36	32	24	48	28	21	24	35	40	43	50	47	42	50	44	26	18
WSB1	253	260	223	357	317	260	242	218	171	304	292	345	334	235	181	266	326	284	302	304	293	279	272	284	235	254	329	296	243	331	313	360	325	301	357	300	303	308	294	316	352	340	420	392	356	423	425	429	427	389	328	299
XPNPEP3	18	18	18	21	17	27	20	15	15	34	36	22	26	14	28	25	18	28	29	29	33	26	34	26	21	15	14	18	23	26	33	29	26	17	23	26	12	28	24	18	22	22	23	35	31	35	45	27	22	37	26	26
XYLT1	15	23	13	21	9	6	12	23	4	12	20	24	13	11	11	14	22	10	23	19	17	19	17	18	13	24	28	17	11	28	29	25	16	10	18	13	11	9	28	13	15	19	19	14	20	29	23	13	10	21	23	20
YARS2	51	45	42	59	48	42	46	28	33	54	54	57	61	41	32	61	75	63	57	65	60	55	63	72	46	57	80	52	68	56	55	68	53	51	72	59	59	72	55	45	52	58	60	60	98	62	79	90	74	77	67	81
YME1L1	180	175	258	198	184	190	145	91	140	160	236	199	204	309	326	160	185	201	190	200	188	196	201	259	201	257	283	233	173	196	227	214	213	156	180	159	171	188	199	222	239	187	196	189	204	156	230	192	124	268	214	215
ZBTB17	81	60	35	79	60	64	46	64	46	60	84	59	87	80	72	58	70	51	56	50	100	73	64	59	69	82	91	64	61	50	81	75	51	39	46	39	56	82	96	61	81	54	83	72	101	83	97	72	68	89	122	100
ZBTB9	18	41	17	21	21	21	20	19	27	26	25	37	38	13	12	37	24	20	26	27	27	29	38	30	17	35	49	32	20	41	48	25	34	26	42	27	43	39	14	14	16	25	47	42	38	48	31	45	36	33	31	20
ZC3H7A	386	377	281	404	383	370	320	258	234	357	422	361	364	249	244	299	390	331	405	375	433	408	365	329	300	379	466	393	368	374	444	391	328	300	376	331	314	360	388	289	363	370	436	423	407	449	435	464	447	411	383	326
ZCCHC3	81	78	47	87	54	39	51	55	63	65	67	62	68	21	18	61	88	80	69	84	79	74	82	53	56	75	84	67	82	61	67	93	72	60	63	66	55	83	70	70	66	75	81	79	97	61	58	110	79	79	50	63
ZCCHC4	55	48	24	51	54	50	38	30	16	35	46	40	44	60	68	38	41	51	64	43	54	57	45	48	41	50	41	44	47	47	70	51	53	44	36	30	56	49	57	42	59	57	62	63	76	108	108	62	61	85	84	70
ZCWPW1	25	9	13	16	9	10	12	10	19	21	21	19	13	19	19	8	17	13	31	11	18	23	11	12	20	13	14	19	17	21	16	19	23	7	24	15	24	18	27	17	17	20	26	15	28	20	24	25	38	29	24	20
ZDHHC18	211	212	122	193	160	154	130	217	138	142	173	167	232	173	144	172	215	187	169	186	180	150	182	190	158	199	246	225	196	212	207	230	182	169	222	166	230	226	198	188	216	215	248	253	322	283	262	214	175	311	254	228
ZFYVE26	162	130	89	136	111	108	86	114	74	95	143	113	124	134	142	122	135	110	147	130	138	108	135	134	114	150	164	119	132	123	157	136	123	105	137	87	104	177	141	117	149	123	150	139	191	218	208	146	150	202	151	159
ZHX1	27	35	58	50	32	39	24	25	20	26	48	45	32	122	141	18	37	28	57	34	46	43	37	52	64	78	65	53	22	50	41	34	73	36	21	26	27	39	48	92	79	38	31	48	24	48	57	31	23	83	90	73
ZMPSTE24	62	87	87	86	54	69	64	35	53	51	97	99	100	88	114	81	74	84	84	92	85	87	77	90	68	88	114	83	86	103	67	100	91	71	77	56	89	117	80	65	90	89	99	99	130	79	109	91	98	141	130	120
ZMYM3	56	55	33	53	50	49	35	53	33	48	60	47	50	67	59	46	53	44	49	57	73	36	47	56	42	54	62	56	63	58	69	53	60	57	46	35	68	87	64	52	61	67	64	56	98	114	120	70	66	96	87	78
ZNF155	23	15	27	28	21	16	20	15	14	34	36	25	30	25	37	37	27	23	31	25	31	24	35	32	14	24	21	21	24	16	35	19	26	22	21	31	27	29	32	21	34	25	30	38	33	36	53	29	47	44	52	28
ZNF222	24	30	24	30	24	25	28	22	14	20	38	25	33	46	37	13	30	22	47	31	33	22	26	31	23	22	43	29	42	26	45	39	28	24	26	24	42	39	43	32	44	43	43	45	37	35	42	44	44	64	48	60
ZNF296	101	98	63	99	70	81	64	87	77	70	96	82	93	53	40	118	111	129	102	147	119	102	117	87	98	76	108	102	122	139	96	152	77	88	139	118	99	117	103	70	89	141	122	129	169	131	107	167	130	141	77	119
ZNF324	27	34	30	34	29	26	24	33	16	39	35	31	23	20	17	36	35	12	39	38	36	44	41	31	25	27	32	32	21	25	23	27	30	29	34	25	22	26	32	30	30	31	37	39	45	55	53	45	54	55	44	24
ZNF555	71	62	54	74	74	67	55	38	48	60	61	65	63	53	58	48	83	73	86	79	60	61	56	56	70	67	73	63	58	73	76	81	59	54	70	35	72	66	82	62	71	66	80	104	97	94	89	93	72	96	78	78
ZNF598	364	301	205	331	298	303	252	444	205	224	295	333	302	175	137	250	326	308	318	309	351	277	293	304	273	331	389	317	272	293	346	365	259	236	298	215	347	345	320	267	266	282	326	364	360	308	344	331	267	363	316	301
ZNF618	6	10	3	14	5	12	4	15	9	12	14	10	15	12	11	11	13	12	16	7	6	19	13	12	12	12	12	12	8	7	15	12	7	12	7	12	8	17	13	10	12	10	16	15	16	14	15	12	25	11	23	10
ZNF621	40	49	33	32	47	38	33	44	28	33	49	46	42	30	28	36	43	33	39	27	47	19	31	42	31	41	45	44	29	45	53	42	26	32	38	30	34	49	58	32	51	50	55	51	62	43	64	47	45	70	55	48
ZNF641	103	114	113	100	103	105	100	110	77	99	124	123	103	90	83	98	115	102	132	104	122	88	106	116	102	127	130	126	93	106	122	126	100	80	97	72	91	110	110	106	131	127	116	125	163	137	166	120	117	174	150	119
ZNF678	11	18	9	10	12	7	6	11	3	14	10	12	6	14	13	15	10	6	26	16	15	11	28	18	10	13	11	19	20	15	19	18	18	15	26	15	16	8	20	11	13	10	16	18	27	32	18	19	20	19	19	9
ZNF697	21	39	21	35	37	32	47	26	30	35	29	31	34	26	28	28	26	27	42	34	49	27	41	42	42	32	35	39	30	34	40	26	29	26	30	45	38	31	33	32	31	43	48	37	46	26	55	42	40	39	39	37
ZNF771	6	4	12	17	8	15	15	8	14	21	10	13	18	7	5	9	18	9	9	8	10	14	16	17	13	14	17	10	6	12	17	16	13	11	13	16	5	21	11	12	14	25	12	14	19	17	9	10	22	14	13	12
ZSWIM4	53	71	33	69	53	41	44	51	18	43	56	68	57	45	46	27	36	35	70	45	39	51	43	60	41	32	55	61	30	54	35	60	53	40	46	26	48	30	39	42	83	41	51	65	61	55	66	40	46	71	65	67
ZSWIM6	31	39	19	28	28	42	28	56	26	25	33	19	23	14	15	30	23	23	32	37	29	28	22	31	27	43	37	33	33	38	52	37	40	30	28	21	27	32	32	29	32	42	42	42	34	34	58	27	28	34	32	36
